DocumentCode,OrderNumber,InvoiceNumber,FileNames,FirstSyncTime,LastSyncTime,Status,AllUploaded,TruncatedBatch
SPSI0000000146,SO0000000199,929.1C26TDN,"PostedPromotionResultCSV_20260714102702.txt | SalesInvoiceDetailCSV_20260714102702.txt | SalesInvoiceHeaderCSV_20260714102702.txt",2026-07-14T03:27:03.611Z,2026-07-14T03:27:06.474Z,Success,true,false
SPSI0000000128,SO0000000200,901.1C26TDN,"PostedPromotionResultCSV_20260714090014.txt | SalesInvoiceDetailCSV_20260714090014.txt | SalesInvoiceHeaderCSV_20260714090014.txt",2026-07-14T02:00:16.318Z,2026-07-14T02:00:17.246Z,Success,true,false
SPSI0000000145,SO0000000201,928.1C26TDN,"PostedPromotionResultCSV_20260714102018.txt | SalesInvoiceDetailCSV_20260714102018.txt | SalesInvoiceHeaderCSV_20260714102018.txt",2026-07-14T03:20:18.984Z,2026-07-14T03:20:21.941Z,Success,true,false
SPSI0000000149,SO0000000202,934.1C26TDN,"PostedPromotionResultCSV_20260714103807.txt | SalesInvoiceDetailCSV_20260714103807.txt | SalesInvoiceHeaderCSV_20260714103807.txt",2026-07-14T03:38:07.883Z,2026-07-14T03:38:08.861Z,Success,true,false
SPSI0000000129,SO0000000204,902.1C26TDN,"PostedPromotionResultCSV_20260714090416.txt | SalesInvoiceDetailCSV_20260714090416.txt | SalesInvoiceHeaderCSV_20260714090416.txt",2026-07-14T02:04:17.633Z,2026-07-14T02:04:19.817Z,Success,true,false
SPSI0000000144,SO0000000205,927.1C26TDN,"PostedPromotionResultCSV_20260714101717.txt | SalesInvoiceDetailCSV_20260714101717.txt | SalesInvoiceHeaderCSV_20260714101717.txt",2026-07-14T03:17:17.809Z,2026-07-14T03:17:19.062Z,Success,true,false
SPSI0000000152,SO0000000206,937.1C26TDN,"PostedPromotionResultCSV_20260714104008.txt | SalesInvoiceDetailCSV_20260714104008.txt | SalesInvoiceHeaderCSV_20260714104008.txt",2026-07-14T03:40:08.866Z,2026-07-14T03:40:12.277Z,Success,true,false
SPSI0000000153,SO0000000207,938.1C26TDN,"PostedPromotionResultCSV_20260714104108.txt | SalesInvoiceDetailCSV_20260714104108.txt | SalesInvoiceHeaderCSV_20260714104108.txt",2026-07-14T03:41:09.983Z,2026-07-14T03:41:16.410Z,Success,true,false
SPSI0000000154,SO0000000208,939.1C26TDN,"PostedPromotionResultCSV_20260714104310.txt | SalesInvoiceDetailCSV_20260714104310.txt | SalesInvoiceHeaderCSV_20260714104310.txt",2026-07-14T03:43:11.526Z,2026-07-14T03:43:12.894Z,Success,true,false
SPSI0000000131,SO0000000209,905.1C26TDN,"PostedPromotionResultCSV_20260714092706.txt | SalesInvoiceDetailCSV_20260714092706.txt | SalesInvoiceHeaderCSV_20260714092706.txt",2026-07-14T02:27:07.022Z,2026-07-14T02:27:08.042Z,Success,true,false
SPSI0000000141,SO0000000210,923.1C26TDN,"PostedPromotionResultCSV_20260714101416.txt | SalesInvoiceDetailCSV_20260714101416.txt | SalesInvoiceHeaderCSV_20260714101416.txt",2026-07-14T03:14:16.548Z,2026-07-14T03:14:17.729Z,Success,true,false
SPSI0000000155,SO0000000213,940.1C26TDN,"PostedPromotionResultCSV_20260714104310.txt | SalesInvoiceDetailCSV_20260714104310.txt | SalesInvoiceHeaderCSV_20260714104310.txt",2026-07-14T03:43:11.526Z,2026-07-14T03:43:12.894Z,Success,true,false
SPSI0000000156,SO0000000215,941.1C26TDN,"PostedPromotionResultCSV_20260714104310.txt | SalesInvoiceDetailCSV_20260714104310.txt | SalesInvoiceHeaderCSV_20260714104310.txt",2026-07-14T03:43:11.526Z,2026-07-14T03:43:12.894Z,Success,true,false
SPSI0000000139,SO0000000216,919.1C26TDN,"PostedPromotionResultCSV_20260714101014.txt | SalesInvoiceDetailCSV_20260714101014.txt | SalesInvoiceHeaderCSV_20260714101014.txt",2026-07-14T03:10:15.801Z,2026-07-14T03:10:16.783Z,Success,true,false
SPSI0000000138,SO0000000217,918.1C26TDN,"PostedPromotionResultCSV_20260714100612.txt | SalesInvoiceDetailCSV_20260714100612.txt | SalesInvoiceHeaderCSV_20260714100612.txt",2026-07-14T03:06:13.027Z,2026-07-14T03:06:15.494Z,Success,true,false
SPSI0000000132,SO0000000218,909.1C26TDN,"PostedPromotionResultCSV_20260714093509.txt | SalesInvoiceDetailCSV_20260714093509.txt | SalesInvoiceHeaderCSV_20260714093509.txt",2026-07-14T02:35:11.629Z,2026-07-14T02:35:12.915Z,Success,true,false
SPSI0000000137,SO0000000219,917.1C26TDN,"PostedPromotionResultCSV_20260714100511.txt | SalesInvoiceDetailCSV_20260714100511.txt | SalesInvoiceHeaderCSV_20260714100511.txt",2026-07-14T03:05:12.857Z,2026-07-14T03:05:16.723Z,Success,true,false
SPSI0000000158,SO0000000221,943.1C26TDN,"PostedPromotionResultCSV_20260714104410.txt | SalesInvoiceDetailCSV_20260714104410.txt | SalesInvoiceHeaderCSV_20260714104410.txt",2026-07-14T03:44:12.073Z,2026-07-14T03:44:14.669Z,Success,true,false
SPSI0000000133,SO0000000222,911.1C26TDN,"PostedPromotionResultCSV_20260714094901.txt | SalesInvoiceDetailCSV_20260714094901.txt | SalesInvoiceHeaderCSV_20260714094901.txt",2026-07-14T02:49:01.977Z,2026-07-14T02:49:05.758Z,Success,true,false
SPSI0000000151,SO0000000223,936.1C26TDN,"PostedPromotionResultCSV_20260714103807.txt | SalesInvoiceDetailCSV_20260714103807.txt | SalesInvoiceHeaderCSV_20260714103807.txt",2026-07-14T03:38:07.883Z,2026-07-14T03:38:08.861Z,Success,true,false
SPSI0000000148,SO0000000225,933.1C26TDN,"PostedPromotionResultCSV_20260714103807.txt | SalesInvoiceDetailCSV_20260714103807.txt | SalesInvoiceHeaderCSV_20260714103807.txt",2026-07-14T03:38:07.883Z,2026-07-14T03:38:08.861Z,Success,true,false
SPSI0000000159,SO0000000226,944.1C26TDN,"PostedPromotionResultCSV_20260714104511.txt | SalesInvoiceDetailCSV_20260714104511.txt | SalesInvoiceHeaderCSV_20260714104511.txt",2026-07-14T03:45:11.758Z,2026-07-14T03:45:13.253Z,Success,true,false
SPSI0000000135,SO0000000227,915.1C26TDN,"PostedPromotionResultCSV_20260714100009.txt | SalesInvoiceDetailCSV_20260714100009.txt | SalesInvoiceHeaderCSV_20260714100009.txt",2026-07-14T03:00:10.966Z,2026-07-14T03:00:12.214Z,Success,true,false
SPSI0000000134,SO0000000228,913.1C26TDN,"PostedPromotionResultCSV_20260714095507.txt | SalesInvoiceDetailCSV_20260714095507.txt | SalesInvoiceHeaderCSV_20260714095507.txt",2026-07-14T02:55:08.456Z,2026-07-14T02:55:15.682Z,Success,true,false
SPSI0000000160,SO0000000231,945.1C26TDN,"PostedPromotionResultCSV_20260714104611.txt | SalesInvoiceDetailCSV_20260714104611.txt | SalesInvoiceHeaderCSV_20260714104611.txt",2026-07-14T03:46:12.345Z,2026-07-14T03:46:13.790Z,Success,true,false
SPSI0000000136,SO0000000232,916.1C26TDN,"PostedPromotionResultCSV_20260714100511.txt | SalesInvoiceDetailCSV_20260714100511.txt | SalesInvoiceHeaderCSV_20260714100511.txt",2026-07-14T03:05:12.857Z,2026-07-14T03:05:16.723Z,Success,true,false
SPSI0000000142,SO0000000233,925.1C26TDN,"PostedPromotionResultCSV_20260714101717.txt | SalesInvoiceDetailCSV_20260714101717.txt | SalesInvoiceHeaderCSV_20260714101717.txt",2026-07-14T03:17:17.809Z,2026-07-14T03:17:19.062Z,Success,true,false
SPSI0000000147,SO0000000234,932.1C26TDN,"PostedPromotionResultCSV_20260714103706.txt | SalesInvoiceDetailCSV_20260714103706.txt | SalesInvoiceHeaderCSV_20260714103706.txt",2026-07-14T03:37:07.343Z,2026-07-14T03:37:08.453Z,Success,true,false
SPSI0000000140,SO0000000235,921.1C26TDN,"PostedPromotionResultCSV_20260714101215.txt | SalesInvoiceDetailCSV_20260714101215.txt | SalesInvoiceHeaderCSV_20260714101215.txt",2026-07-14T03:12:15.859Z,2026-07-14T03:12:16.753Z,Success,true,false
SPSI0000000143,SO0000000236,926.1C26TDN,"PostedPromotionResultCSV_20260714101717.txt | SalesInvoiceDetailCSV_20260714101717.txt | SalesInvoiceHeaderCSV_20260714101717.txt",2026-07-14T03:17:17.809Z,2026-07-14T03:17:19.062Z,Success,true,false
SPSI0000000161,SO0000000237,946.1C26TDN,"PostedPromotionResultCSV_20260714104813.txt | SalesInvoiceDetailCSV_20260714104813.txt | SalesInvoiceHeaderCSV_20260714104813.txt",2026-07-14T03:48:13.696Z,2026-07-14T03:48:16.106Z,Success,true,false
SPSI0000000150,SO0000000240,935.1C26TDN,"PostedPromotionResultCSV_20260714103807.txt | SalesInvoiceDetailCSV_20260714103807.txt | SalesInvoiceHeaderCSV_20260714103807.txt",2026-07-14T03:38:07.883Z,2026-07-14T03:38:08.861Z,Success,true,false
SPSI0000000157,SO0000000241,942.1C26TDN,"PostedPromotionResultCSV_20260714104410.txt | SalesInvoiceDetailCSV_20260714104410.txt | SalesInvoiceHeaderCSV_20260714104410.txt",2026-07-14T03:44:12.073Z,2026-07-14T03:44:14.669Z,Success,true,false
SPSI0000000162,SO0000000242,947.1C26TDN,"PostedPromotionResultCSV_20260714105014.txt | SalesInvoiceDetailCSV_20260714105014.txt | SalesInvoiceHeaderCSV_20260714105014.txt",2026-07-14T03:50:15.809Z,2026-07-14T03:50:16.747Z,Success,true,false
SPSI0000000163,SO0000000244,948.1C26TDN,"PostedPromotionResultCSV_20260714105602.txt | SalesInvoiceDetailCSV_20260714105602.txt | SalesInvoiceHeaderCSV_20260714105602.txt",2026-07-14T03:56:03.454Z,2026-07-14T03:56:06.390Z,Success,true,false
SPSI0000000164,SO0000000245,950.1C26TDN,"PostedPromotionResultCSV_20260714110707.txt | SalesInvoiceDetailCSV_20260714110707.txt | SalesInvoiceHeaderCSV_20260714110707.txt",2026-07-14T04:07:07.794Z,2026-07-14T04:07:08.922Z,Success,true,false
SPSI0000000165,SO0000000246,952.1C26TDN,"PostedPromotionResultCSV_20260714110807.txt | SalesInvoiceDetailCSV_20260714110807.txt | SalesInvoiceHeaderCSV_20260714110807.txt",2026-07-14T04:08:08.185Z,2026-07-14T04:08:10.659Z,Success,true,false
SPSI0000000177,SO0000000247,967.1C26TDN,"PostedPromotionResultCSV_20260714124014.txt | SalesInvoiceDetailCSV_20260714124014.txt | SalesInvoiceHeaderCSV_20260714124014.txt",2026-07-14T05:40:15.933Z,2026-07-14T05:40:16.844Z,Success,true,false
SPSI0000000166,SO0000000249,953.1C26TDN,"PostedPromotionResultCSV_20260714110807.txt | SalesInvoiceDetailCSV_20260714110807.txt | SalesInvoiceHeaderCSV_20260714110807.txt",2026-07-14T04:08:08.185Z,2026-07-14T04:08:10.659Z,Success,true,false
SPSI0000000176,SO0000000250,966.1C26TDN,"PostedPromotionResultCSV_20260714123912.txt | SalesInvoiceDetailCSV_20260714123912.txt | SalesInvoiceHeaderCSV_20260714123912.txt",2026-07-14T05:39:13.344Z,2026-07-14T05:39:16.294Z,Success,true,false
SPSI0000000167,SO0000000252,955.1C26TDN,"PostedPromotionResultCSV_20260714112314.txt | SalesInvoiceDetailCSV_20260714112314.txt | SalesInvoiceHeaderCSV_20260714112314.txt",2026-07-14T04:23:15.674Z,2026-07-14T04:23:16.720Z,Success,true,false
SPSI0000000174,SO0000000253,964.1C26TDN,"PostedPromotionResultCSV_20260714123711.txt | SalesInvoiceDetailCSV_20260714123711.txt | SalesInvoiceHeaderCSV_20260714123711.txt",2026-07-14T05:37:12.592Z,2026-07-14T05:37:14.179Z,Success,true,false
SPSI0000000169,SO0000000256,957.1C26TDN,"PostedPromotionResultCSV_20260714113604.txt | SalesInvoiceDetailCSV_20260714113604.txt | SalesInvoiceHeaderCSV_20260714113604.txt",2026-07-14T04:36:06.205Z,2026-07-14T04:36:07.114Z,Success,true,false
SPSI0000000171,SO0000000257,961.1C26TDN,"PostedPromotionResultCSV_20260714115716.txt | SalesInvoiceDetailCSV_20260714115716.txt | SalesInvoiceHeaderCSV_20260714115716.txt",2026-07-14T04:57:17.350Z,2026-07-14T04:57:18.287Z,Success,true,false
PSR0000000004,SSRO000000004,,"PostedPromotionResultCSV_20260714114006.txt | SalesInvoiceDetailCSV_20260714114006.txt | SalesInvoiceHeaderCSV_20260714114006.txt",2026-07-14T04:40:07.296Z,2026-07-14T04:40:08.244Z,Success,true,false
SPSI0000000173,SO0000000258,963.1C26TDN,"PostedPromotionResultCSV_20260714123711.txt | SalesInvoiceDetailCSV_20260714123711.txt | SalesInvoiceHeaderCSV_20260714123711.txt",2026-07-14T05:37:12.592Z,2026-07-14T05:37:14.179Z,Success,true,false
SPSI0000000170,SO0000000259,960.1C26TDN,"PostedPromotionResultCSV_20260714114811.txt | SalesInvoiceDetailCSV_20260714114811.txt | SalesInvoiceHeaderCSV_20260714114811.txt",2026-07-14T04:48:12.306Z,2026-07-14T04:48:13.530Z,"NoData,Success",false,false
SPSI0000000220,SO0000000262,1028.1C26TDN,"PostedPromotionResultCSV_20260714180004.txt | SalesInvoiceDetailCSV_20260714180004.txt | SalesInvoiceHeaderCSV_20260714180004.txt",2026-07-14T11:00:07.042Z,2026-07-14T11:00:08.040Z,Success,true,true
SPSI0000000198,SO0000000263,1005.1C26TDN,"PostedPromotionResultCSV_20260714180004.txt | SalesInvoiceDetailCSV_20260714180004.txt | SalesInvoiceHeaderCSV_20260714180004.txt",2026-07-14T11:00:07.042Z,2026-07-14T11:00:08.040Z,Success,true,true
SPSI0000000172,SO0000000264,962.1C26TDN,"PostedPromotionResultCSV_20260714120119.txt | SalesInvoiceDetailCSV_20260714120119.txt | SalesInvoiceHeaderCSV_20260714120119.txt",2026-07-14T05:01:20.394Z,2026-07-14T05:01:22.208Z,Success,true,false
PSR0000000005,SSRO000000005,,"PostedPromotionResultCSV_20260714124316.txt | SalesInvoiceDetailCSV_20260714124316.txt | SalesInvoiceHeaderCSV_20260714124316.txt",2026-07-14T05:43:17.009Z,2026-07-14T05:43:17.964Z,Success,true,false
SPSI0000000178,SO0000000266,970.1C26TDN,"PostedPromotionResultCSV_20260714125903.txt | SalesInvoiceDetailCSV_20260714125903.txt | SalesInvoiceHeaderCSV_20260714125903.txt",2026-07-14T05:59:04.591Z,2026-07-14T05:59:07.502Z,Success,true,false
SPSI0000000179,SO0000000271,971.1C26TDN,"PostedPromotionResultCSV_20260714134211.txt | SalesInvoiceDetailCSV_20260714134211.txt | SalesInvoiceHeaderCSV_20260714134211.txt",2026-07-14T06:42:12.215Z,2026-07-14T06:42:13.806Z,Success,true,false
SPSI0000000186,SO0000000274,989.1C26TDN,"PostedPromotionResultCSV_20260714145315.txt | SalesInvoiceDetailCSV_20260714145315.txt | SalesInvoiceHeaderCSV_20260714145315.txt",2026-07-14T07:53:16.771Z,2026-07-14T07:53:17.988Z,Success,true,false
SPSI0000000191,SO0000000275,994.1C26TDN,"PostedPromotionResultCSV_20260714151005.txt | SalesInvoiceDetailCSV_20260714151005.txt | SalesInvoiceHeaderCSV_20260714151005.txt",2026-07-14T08:10:06.758Z,2026-07-14T08:10:07.635Z,Success,true,false
SPSI0000000181,SO0000000276,975.1C26TDN,"PostedPromotionResultCSV_20260714135714.txt | SalesInvoiceDetailCSV_20260714135714.txt | SalesInvoiceHeaderCSV_20260714135714.txt",2026-07-14T06:57:15.558Z,2026-07-14T06:57:16.587Z,Success,true,false
SPSI0000000180,SO0000000277,972.1C26TDN,"PostedPromotionResultCSV_20260714135008.txt | SalesInvoiceDetailCSV_20260714135008.txt | SalesInvoiceHeaderCSV_20260714135008.txt",2026-07-14T06:50:08.920Z,2026-07-14T06:50:11.797Z,Success,true,false
SPSI0000000187,SO0000000278,990.1C26TDN,"PostedPromotionResultCSV_20260714145315.txt | SalesInvoiceDetailCSV_20260714145315.txt | SalesInvoiceHeaderCSV_20260714145315.txt",2026-07-14T07:53:16.771Z,2026-07-14T07:53:17.988Z,Success,true,false
SPSI0000000182,SO0000000280,978.1C26TDN,"PostedPromotionResultCSV_20260714141116.txt | SalesInvoiceDetailCSV_20260714141116.txt | SalesInvoiceHeaderCSV_20260714141116.txt",2026-07-14T07:11:17.157Z,2026-07-14T07:11:18.427Z,Success,true,false
SPSI0000000183,SO0000000281,979.1C26TDN,"PostedPromotionResultCSV_20260714142807.txt | SalesInvoiceDetailCSV_20260714142807.txt | SalesInvoiceHeaderCSV_20260714142807.txt",2026-07-14T07:28:08.595Z,2026-07-14T07:28:15.704Z,Success,true,false
SPSI0000000188,SO0000000282,991.1C26TDN,"PostedPromotionResultCSV_20260714145415.txt | SalesInvoiceDetailCSV_20260714145415.txt | SalesInvoiceHeaderCSV_20260714145415.txt",2026-07-14T07:54:16.288Z,2026-07-14T07:54:17.392Z,Success,true,false
SPSI0000000194,SO0000000283,998.1C26TDN,"PostedPromotionResultCSV_20260714151910.txt | SalesInvoiceDetailCSV_20260714151910.txt | SalesInvoiceHeaderCSV_20260714151910.txt",2026-07-14T08:19:11.902Z,2026-07-14T08:19:14.101Z,Success,true,false
SPSI0000000189,SO0000000284,992.1C26TDN,"PostedPromotionResultCSV_20260714145415.txt | SalesInvoiceDetailCSV_20260714145415.txt | SalesInvoiceHeaderCSV_20260714145415.txt",2026-07-14T07:54:16.288Z,2026-07-14T07:54:17.392Z,Success,true,false
SPSI0000000195,SO0000000285,1000.1C26TDN,"PostedPromotionResultCSV_20260714152411.txt | SalesInvoiceDetailCSV_20260714152411.txt | SalesInvoiceHeaderCSV_20260714152411.txt",2026-07-14T08:24:12.220Z,2026-07-14T08:24:14.726Z,Success,true,false
SPSI0000000185,SO0000000286,982.1C26TDN,"PostedPromotionResultCSV_20260714143108.txt | SalesInvoiceDetailCSV_20260714143108.txt | SalesInvoiceHeaderCSV_20260714143108.txt",2026-07-14T07:31:09.203Z,2026-07-14T07:31:12.066Z,Success,true,false
SPSI0000000184,SO0000000287,980.1C26TDN,"PostedPromotionResultCSV_20260714143006.txt | SalesInvoiceDetailCSV_20260714143006.txt | SalesInvoiceHeaderCSV_20260714143006.txt",2026-07-14T07:30:07.259Z,2026-07-14T07:30:08.171Z,Success,true,false
SPSI0000000197,SO0000000288,1002.1C26TDN,"PostedPromotionResultCSV_20260714152511.txt | SalesInvoiceDetailCSV_20260714152511.txt | SalesInvoiceHeaderCSV_20260714152511.txt",2026-07-14T08:25:12.248Z,2026-07-14T08:25:13.835Z,Success,true,false
SPSI0000000190,SO0000000290,993.1C26TDN,"PostedPromotionResultCSV_20260714145616.txt | SalesInvoiceDetailCSV_20260714145616.txt | SalesInvoiceHeaderCSV_20260714145616.txt",2026-07-14T07:56:16.415Z,2026-07-14T07:56:17.418Z,Success,true,false
SPSI0000000211,SO0000000292,,,,,,false,false
SPSI0000000193,SO0000000293,997.1C26TDN,"PostedPromotionResultCSV_20260714151005.txt | SalesInvoiceDetailCSV_20260714151005.txt | SalesInvoiceHeaderCSV_20260714151005.txt",2026-07-14T08:10:06.758Z,2026-07-14T08:10:07.635Z,Success,true,false
SPSI0000000192,SO0000000294,995.1C26TDN,"PostedPromotionResultCSV_20260714151005.txt | SalesInvoiceDetailCSV_20260714151005.txt | SalesInvoiceHeaderCSV_20260714151005.txt",2026-07-14T08:10:06.758Z,2026-07-14T08:10:07.635Z,Success,true,false
SPSI0000000210,SO0000000295,,,,,,false,false
SPSI0000000206,SO0000000297,1013.1C26TDN,"PostedPromotionResultCSV_20260714180004.txt | SalesInvoiceDetailCSV_20260714180004.txt | SalesInvoiceHeaderCSV_20260714180004.txt",2026-07-14T11:00:07.042Z,2026-07-14T11:00:08.040Z,Success,true,true
SPSI0000000209,SO0000000298,,,,,,false,false
SPSI0000000196,SO0000000299,1001.1C26TDN,"PostedPromotionResultCSV_20260714152511.txt | SalesInvoiceDetailCSV_20260714152511.txt | SalesInvoiceHeaderCSV_20260714152511.txt",2026-07-14T08:25:12.248Z,2026-07-14T08:25:13.835Z,Success,true,false
SPSI0000000207,SO0000000301,1015.1C26TDN,"PostedPromotionResultCSV_20260714180004.txt | SalesInvoiceDetailCSV_20260714180004.txt | SalesInvoiceHeaderCSV_20260714180004.txt",2026-07-14T11:00:07.042Z,2026-07-14T11:00:08.040Z,Success,true,true
SPSI0000000205,SO0000000303,1012.1C26TDN,"PostedPromotionResultCSV_20260714180004.txt | SalesInvoiceDetailCSV_20260714180004.txt | SalesInvoiceHeaderCSV_20260714180004.txt",2026-07-14T11:00:07.042Z,2026-07-14T11:00:08.040Z,Success,true,true
SPSI0000000202,SO0000000304,1009.1C26TDN,"PostedPromotionResultCSV_20260714180004.txt | SalesInvoiceDetailCSV_20260714180004.txt | SalesInvoiceHeaderCSV_20260714180004.txt",2026-07-14T11:00:07.042Z,2026-07-14T11:00:08.040Z,Success,true,true
SPSI0000000218,SO0000000305,1026.1C26TDN,"PostedPromotionResultCSV_20260714180004.txt | SalesInvoiceDetailCSV_20260714180004.txt | SalesInvoiceHeaderCSV_20260714180004.txt",2026-07-14T11:00:07.042Z,2026-07-14T11:00:08.040Z,Success,true,true
SPSI0000000204,SO0000000306,1011.1C26TDN,"PostedPromotionResultCSV_20260714180004.txt | SalesInvoiceDetailCSV_20260714180004.txt | SalesInvoiceHeaderCSV_20260714180004.txt",2026-07-14T11:00:07.042Z,2026-07-14T11:00:08.040Z,Success,true,true
SPSI0000000200,SO0000000307,1007.1C26TDN,"PostedPromotionResultCSV_20260714180004.txt | SalesInvoiceDetailCSV_20260714180004.txt | SalesInvoiceHeaderCSV_20260714180004.txt",2026-07-14T11:00:07.042Z,2026-07-14T11:00:08.040Z,Success,true,true
SPSI0000000203,SO0000000308,1010.1C26TDN,"PostedPromotionResultCSV_20260714180004.txt | SalesInvoiceDetailCSV_20260714180004.txt | SalesInvoiceHeaderCSV_20260714180004.txt",2026-07-14T11:00:07.042Z,2026-07-14T11:00:08.040Z,Success,true,true
SPSI0000000199,SO0000000309,1006.1C26TDN,"PostedPromotionResultCSV_20260714180004.txt | SalesInvoiceDetailCSV_20260714180004.txt | SalesInvoiceHeaderCSV_20260714180004.txt",2026-07-14T11:00:07.042Z,2026-07-14T11:00:08.040Z,Success,true,true
SPSI0000000201,SO0000000310,1008.1C26TDN,"PostedPromotionResultCSV_20260714180004.txt | SalesInvoiceDetailCSV_20260714180004.txt | SalesInvoiceHeaderCSV_20260714180004.txt",2026-07-14T11:00:07.042Z,2026-07-14T11:00:08.040Z,Success,true,true
SPSI0000000208,SO0000000311,1014.1C26TDN,"PostedPromotionResultCSV_20260714180004.txt | SalesInvoiceDetailCSV_20260714180004.txt | SalesInvoiceHeaderCSV_20260714180004.txt",2026-07-14T11:00:07.042Z,2026-07-14T11:00:08.040Z,Success,true,true
SPSI0000000213,SO0000000315,1019.1C26TDN,"PostedPromotionResultCSV_20260714180004.txt | SalesInvoiceDetailCSV_20260714180004.txt | SalesInvoiceHeaderCSV_20260714180004.txt",2026-07-14T11:00:07.042Z,2026-07-14T11:00:08.040Z,Success,true,true
SPSI0000000216,SO0000000316,1022.1C26TDN,"PostedPromotionResultCSV_20260714180004.txt | SalesInvoiceDetailCSV_20260714180004.txt | SalesInvoiceHeaderCSV_20260714180004.txt",2026-07-14T11:00:07.042Z,2026-07-14T11:00:08.040Z,Success,true,true
SPSI0000000215,SO0000000318,1021.1C26TDN,"PostedPromotionResultCSV_20260714180004.txt | SalesInvoiceDetailCSV_20260714180004.txt | SalesInvoiceHeaderCSV_20260714180004.txt",2026-07-14T11:00:07.042Z,2026-07-14T11:00:08.040Z,Success,true,true
SPSI0000000217,SO0000000319,1023.1C26TDN,"PostedPromotionResultCSV_20260714180004.txt | SalesInvoiceDetailCSV_20260714180004.txt | SalesInvoiceHeaderCSV_20260714180004.txt",2026-07-14T11:00:07.042Z,2026-07-14T11:00:08.040Z,Success,true,true
SPSI0000000221,SO0000000323,1029.1C26TDN,"PostedPromotionResultCSV_20260714180004.txt | SalesInvoiceDetailCSV_20260714180004.txt | SalesInvoiceHeaderCSV_20260714180004.txt (suy luận - DirectNumber bị cắt, chưa xác nhận trực tiếp trong file)",2026-07-14T11:00:07.042Z,2026-07-14T11:00:08.040Z,Success (suy luận),true,true
