Lý do,Key,Promotion Master Code,Promotion Code,Promo. Detail Line ID,Allocation Code,Brand Code,Brand Name,Section Code,Section Name,Expense Code,Expense Name,Allocation Percent,PA No,Promotion Bus Posting Group,Product Code (Material),Created By,Created Date,Created Time,Last Updated By,Last Updated Date,Last Updated Time,Deleted
Dòng KM đã xóa trên SFA,EPS2603000531000926740202042103,EPS2603000531,0009,1,267,402020,Retail,42103,Food Service Sales,6321999999,COGS_PROMOTION BY PRODUCT,100,,,,HQADMIN_08,46274,0.39574074074074,HQADMIN_08,46274,0.39574074074074,
Dòng KM đã xóa trên SFA,EPS2603000531000926840202042103,EPS2603000531,0009,1,268,402020,Retail,42103,Food Service Sales,6321999999,COGS_PROMOTION BY PRODUCT,100,,,,HQADMIN_08,46274,0.39574074074074,HQADMIN_08,46274,0.39574074074074,
Dòng KM đã xóa trên SFA,EPS2603000531000926740202042103,EPS2603000531,0009,2,267,402020,Retail,42103,Food Service Sales,6321999999,COGS_PROMOTION BY PRODUCT,100,,,,HQADMIN_08,46274,0.39574074074074,HQADMIN_08,46274,0.39574074074074,
Dòng KM đã xóa trên SFA,EPS2603000531000926840202042103,EPS2603000531,0009,2,268,402020,Retail,42103,Food Service Sales,6321999999,COGS_PROMOTION BY PRODUCT,100,,,,HQADMIN_08,46274,0.39574074074074,HQADMIN_08,46274,0.39574074074074,
Mức (detail line) đã xóa trên SFA,EPS260800151000555840114042105,EPS260800151,0005,2,558,401140,Pancake Original,42105,Tradition Trade Sales,6321999999,COGS_PROMOTION BY PRODUCT,90,,,,HQADMIN_08,46270,0.66568287037036999,HQADMIN_08,46281,0.60178240740740996,
Mức (detail line) đã xóa trên SFA,EPS260800151000555940114142105,EPS260800151,0005,2,559,401141,Pancake Chocolate,42105,Tradition Trade Sales,6321999999,COGS_PROMOTION BY PRODUCT,10,,,,HQADMIN_08,46270,0.66568287037036999,HQADMIN_08,46281,0.60178240740740996,
Mức (detail line) đã xóa trên SFA,EPS260800151000556040114042105,EPS260800151,0005,2,560,401140,Pancake Original,42105,Tradition Trade Sales,6321999999,COGS_PROMOTION BY PRODUCT,90,,,,HQADMIN_08,46270,0.66568287037036999,HQADMIN_08,46281,0.60178240740740996,
Mức (detail line) đã xóa trên SFA,EPS260800151000556140114142105,EPS260800151,0005,2,561,401141,Pancake Chocolate,42105,Tradition Trade Sales,6321999999,COGS_PROMOTION BY PRODUCT,10,,,,HQADMIN_08,46270,0.66568287037036999,HQADMIN_08,46281,0.60178240740740996,
Mức (detail line) đã xóa trên SFA,EPS260800151000655840114042105,EPS260800151,0006,2,558,401140,Pancake Original,42105,Tradition Trade Sales,6321999999,COGS_PROMOTION BY PRODUCT,90,,,,HQADMIN_08,46281,0.60177083333333004,HQADMIN_08,46281,0.60211805555555997,
Mức (detail line) đã xóa trên SFA,EPS260800151000655940114142105,EPS260800151,0006,2,559,401141,Pancake Chocolate,42105,Tradition Trade Sales,6321999999,COGS_PROMOTION BY PRODUCT,10,,,,HQADMIN_08,46281,0.60177083333333004,HQADMIN_08,46281,0.60211805555555997,
Mức (detail line) đã xóa trên SFA,EPS260800151000656040114042105,EPS260800151,0006,2,560,401140,Pancake Original,42105,Tradition Trade Sales,6321999999,COGS_PROMOTION BY PRODUCT,90,,,,HQADMIN_08,46281,0.60177083333333004,HQADMIN_08,46281,0.60211805555555997,
Mức (detail line) đã xóa trên SFA,EPS260800151000656140114142105,EPS260800151,0006,2,561,401141,Pancake Chocolate,42105,Tradition Trade Sales,6321999999,COGS_PROMOTION BY PRODUCT,10,,,,HQADMIN_08,46281,0.60177083333333004,HQADMIN_08,46281,0.60211805555555997,
Dòng KM đã xóa trên SFA,EPS2609000020118133840404042103,EPS260900002,0118,1,1338,404040,Aji-ngon Pork,42103,Food Service Sales,6321999999,COGS_PROMOTION BY PRODUCT,100,,,,HQADMIN_08,46270,0.66623842592592997,HQADMIN_08,46274,0.37626157407407002,
Dòng KM đã xóa trên SFA,EPS26090030040140404342103,EPS2609003,0040,1,1,404043,Aji-ngon Vegetarian,42103,Food Service Sales,6321999999,COGS_PROMOTION BY PRODUCT,100,,,,hanh_lth,46272,0.47104166666667002,hanh_lth,46272,0.58831018518518996,
Dòng KM đã xóa trên SFA,EPS26090060006106440211642105,EPS2609006,0006,1,1064,402116,Gyoza JP Dumpling,42105,Tradition Trade Sales,6321999999,COGS_PROMOTION BY PRODUCT,100,,,,truc_mt,46273,0.58724537037036995,truc_mt,46273,0.59063657407407,
Dòng KM đã xóa trên SFA,EPS26090060009106740211642105,EPS2609006,0009,1,1067,402116,Gyoza JP Dumpling,42105,Tradition Trade Sales,6321999999,COGS_PROMOTION BY PRODUCT,100,,,,truc_mt,46273,0.58724537037036995,truc_mt,46273,0.59521990740741004,
Dòng KM đã xóa trên SFA,EPS26090060012107040211642105,EPS2609006,0012,1,1070,402116,Gyoza JP Dumpling,42105,Tradition Trade Sales,6321999999,COGS_PROMOTION BY PRODUCT,100,,,,truc_mt,46273,0.58724537037036995,truc_mt,46273,0.59799768518519003,
Dòng KM đã xóa trên SFA,EPS26090060019107840211642105,EPS2609006,0019,1,1078,402116,Gyoza JP Dumpling,42105,Tradition Trade Sales,6321999999,COGS_PROMOTION BY PRODUCT,100,,,,truc_mt,46273,0.58724537037036995,truc_mt,46273,0.61273148148148004,
Dòng KM đã xóa trên SFA,EPS26090060022108140211642105,EPS2609006,0022,1,1081,402116,Gyoza JP Dumpling,42105,Tradition Trade Sales,6321999999,COGS_PROMOTION BY PRODUCT,100,,,,truc_mt,46273,0.58724537037036995,truc_mt,46273,0.61750000000000005,
Dòng KM đã xóa trên SFA,EPS26090060025108440211642105,EPS2609006,0025,1,1084,402116,Gyoza JP Dumpling,42105,Tradition Trade Sales,6321999999,COGS_PROMOTION BY PRODUCT,100,,,,truc_mt,46273,0.58724537037036995,truc_mt,46273,0.61966435185184998,
Dòng KM đã xóa trên SFA,EPS26090060028108740211642105,EPS2609006,0028,1,1087,402116,Gyoza JP Dumpling,42105,Tradition Trade Sales,6321999999,COGS_PROMOTION BY PRODUCT,100,,,,truc_mt,46273,0.58724537037036995,truc_mt,46273,0.67557870370369999,
Mức (detail line) đã xóa trên SFA,EPS2609009000194140202042105,EPS2609009,0001,2,941,402020,Retail,42105,Tradition Trade Sales,6321999999,COGS_PROMOTION BY PRODUCT,100,,,,truc_mt,46274,0.46203703703704002,truc_mt,46274,0.58342592592593001,
Mức (detail line) đã xóa trên SFA,EPS2609009000194240202042105,EPS2609009,0001,2,942,402020,Retail,42105,Tradition Trade Sales,6321999999,COGS_PROMOTION BY PRODUCT,100,,,,truc_mt,46274,0.46203703703704002,truc_mt,46274,0.58342592592593001,
Mức (detail line) đã xóa trên SFA,EPS2609009000194340202042105,EPS2609009,0001,2,943,402020,Retail,42105,Tradition Trade Sales,6321999999,COGS_PROMOTION BY PRODUCT,100,,,,truc_mt,46274,0.46203703703704002,truc_mt,46274,0.58342592592593001,
Mức (detail line) đã xóa trên SFA,EPS2609009000194440202042105,EPS2609009,0001,2,944,402020,Retail,42105,Tradition Trade Sales,6321999999,COGS_PROMOTION BY PRODUCT,100,,,,truc_mt,46274,0.46203703703704002,truc_mt,46274,0.58342592592593001,
Mức (detail line) đã xóa trên SFA,EPS2609009000194540202042105,EPS2609009,0001,2,945,402020,Retail,42105,Tradition Trade Sales,6321999999,COGS_PROMOTION BY PRODUCT,100,,,,truc_mt,46274,0.46203703703704002,truc_mt,46274,0.58342592592593001,
Mức (detail line) đã xóa trên SFA,EPS2609009000194640202042105,EPS2609009,0001,2,946,402020,Retail,42105,Tradition Trade Sales,6321999999,COGS_PROMOTION BY PRODUCT,100,,,,truc_mt,46274,0.46203703703704002,truc_mt,46274,0.58342592592593001,
Mức (detail line) đã xóa trên SFA,EPS2609009000194740202042105,EPS2609009,0001,2,947,402020,Retail,42105,Tradition Trade Sales,6321999999,COGS_PROMOTION BY PRODUCT,100,,,,truc_mt,46274,0.46203703703704002,truc_mt,46274,0.58342592592593001,
Mức (detail line) đã xóa trên SFA,EPS2609009000194840202042105,EPS2609009,0001,2,948,402020,Retail,42105,Tradition Trade Sales,6321999999,COGS_PROMOTION BY PRODUCT,100,,,,truc_mt,46274,0.46203703703704002,truc_mt,46274,0.58342592592593001,
Mức (detail line) đã xóa trên SFA,EPS2609009000194140202042105,EPS2609009,0001,3,941,402020,Retail,42105,Tradition Trade Sales,6321999999,COGS_PROMOTION BY PRODUCT,100,,,,truc_mt,46274,0.46203703703704002,truc_mt,46274,0.58342592592593001,
Mức (detail line) đã xóa trên SFA,EPS2609009000194240202042105,EPS2609009,0001,3,942,402020,Retail,42105,Tradition Trade Sales,6321999999,COGS_PROMOTION BY PRODUCT,100,,,,truc_mt,46274,0.46203703703704002,truc_mt,46274,0.58342592592593001,
Mức (detail line) đã xóa trên SFA,EPS2609009000194340202042105,EPS2609009,0001,3,943,402020,Retail,42105,Tradition Trade Sales,6321999999,COGS_PROMOTION BY PRODUCT,100,,,,truc_mt,46274,0.46203703703704002,truc_mt,46274,0.58342592592593001,
Mức (detail line) đã xóa trên SFA,EPS2609009000194440202042105,EPS2609009,0001,3,944,402020,Retail,42105,Tradition Trade Sales,6321999999,COGS_PROMOTION BY PRODUCT,100,,,,truc_mt,46274,0.46203703703704002,truc_mt,46274,0.58342592592593001,
Mức (detail line) đã xóa trên SFA,EPS2609009000194540202042105,EPS2609009,0001,3,945,402020,Retail,42105,Tradition Trade Sales,6321999999,COGS_PROMOTION BY PRODUCT,100,,,,truc_mt,46274,0.46203703703704002,truc_mt,46274,0.58342592592593001,
Mức (detail line) đã xóa trên SFA,EPS2609009000194640202042105,EPS2609009,0001,3,946,402020,Retail,42105,Tradition Trade Sales,6321999999,COGS_PROMOTION BY PRODUCT,100,,,,truc_mt,46274,0.46203703703704002,truc_mt,46274,0.58342592592593001,
Mức (detail line) đã xóa trên SFA,EPS2609009000194740202042105,EPS2609009,0001,3,947,402020,Retail,42105,Tradition Trade Sales,6321999999,COGS_PROMOTION BY PRODUCT,100,,,,truc_mt,46274,0.46203703703704002,truc_mt,46274,0.58342592592593001,
Mức (detail line) đã xóa trên SFA,EPS2609009000194840202042105,EPS2609009,0001,3,948,402020,Retail,42105,Tradition Trade Sales,6321999999,COGS_PROMOTION BY PRODUCT,100,,,,truc_mt,46274,0.46203703703704002,truc_mt,46274,0.58342592592593001,
Mức (detail line) đã xóa trên SFA,EPS2609009000194140202042105,EPS2609009,0001,4,941,402020,Retail,42105,Tradition Trade Sales,6321999999,COGS_PROMOTION BY PRODUCT,100,,,,truc_mt,46274,0.46203703703704002,truc_mt,46274,0.58342592592593001,
Mức (detail line) đã xóa trên SFA,EPS2609009000194240202042105,EPS2609009,0001,4,942,402020,Retail,42105,Tradition Trade Sales,6321999999,COGS_PROMOTION BY PRODUCT,100,,,,truc_mt,46274,0.46203703703704002,truc_mt,46274,0.58342592592593001,
Mức (detail line) đã xóa trên SFA,EPS2609009000194340202042105,EPS2609009,0001,4,943,402020,Retail,42105,Tradition Trade Sales,6321999999,COGS_PROMOTION BY PRODUCT,100,,,,truc_mt,46274,0.46203703703704002,truc_mt,46274,0.58342592592593001,
Mức (detail line) đã xóa trên SFA,EPS2609009000194440202042105,EPS2609009,0001,4,944,402020,Retail,42105,Tradition Trade Sales,6321999999,COGS_PROMOTION BY PRODUCT,100,,,,truc_mt,46274,0.46203703703704002,truc_mt,46274,0.58342592592593001,
Mức (detail line) đã xóa trên SFA,EPS2609009000194540202042105,EPS2609009,0001,4,945,402020,Retail,42105,Tradition Trade Sales,6321999999,COGS_PROMOTION BY PRODUCT,100,,,,truc_mt,46274,0.46203703703704002,truc_mt,46274,0.58342592592593001,
Mức (detail line) đã xóa trên SFA,EPS2609009000194640202042105,EPS2609009,0001,4,946,402020,Retail,42105,Tradition Trade Sales,6321999999,COGS_PROMOTION BY PRODUCT,100,,,,truc_mt,46274,0.46203703703704002,truc_mt,46274,0.58342592592593001,
Mức (detail line) đã xóa trên SFA,EPS2609009000194740202042105,EPS2609009,0001,4,947,402020,Retail,42105,Tradition Trade Sales,6321999999,COGS_PROMOTION BY PRODUCT,100,,,,truc_mt,46274,0.46203703703704002,truc_mt,46274,0.58342592592593001,
Mức (detail line) đã xóa trên SFA,EPS2609009000194840202042105,EPS2609009,0001,4,948,402020,Retail,42105,Tradition Trade Sales,6321999999,COGS_PROMOTION BY PRODUCT,100,,,,truc_mt,46274,0.46203703703704002,truc_mt,46274,0.58342592592593001,
Mức (detail line) đã xóa trên SFA,EPS2609009000194140202042105,EPS2609009,0001,5,941,402020,Retail,42105,Tradition Trade Sales,6321999999,COGS_PROMOTION BY PRODUCT,100,,,,truc_mt,46274,0.46203703703704002,truc_mt,46274,0.58342592592593001,
Mức (detail line) đã xóa trên SFA,EPS2609009000194240202042105,EPS2609009,0001,5,942,402020,Retail,42105,Tradition Trade Sales,6321999999,COGS_PROMOTION BY PRODUCT,100,,,,truc_mt,46274,0.46203703703704002,truc_mt,46274,0.58342592592593001,
Mức (detail line) đã xóa trên SFA,EPS2609009000194340202042105,EPS2609009,0001,5,943,402020,Retail,42105,Tradition Trade Sales,6321999999,COGS_PROMOTION BY PRODUCT,100,,,,truc_mt,46274,0.46203703703704002,truc_mt,46274,0.58342592592593001,
Mức (detail line) đã xóa trên SFA,EPS2609009000194440202042105,EPS2609009,0001,5,944,402020,Retail,42105,Tradition Trade Sales,6321999999,COGS_PROMOTION BY PRODUCT,100,,,,truc_mt,46274,0.46203703703704002,truc_mt,46274,0.58342592592593001,
Mức (detail line) đã xóa trên SFA,EPS2609009000194540202042105,EPS2609009,0001,5,945,402020,Retail,42105,Tradition Trade Sales,6321999999,COGS_PROMOTION BY PRODUCT,100,,,,truc_mt,46274,0.46203703703704002,truc_mt,46274,0.58342592592593001,
Mức (detail line) đã xóa trên SFA,EPS2609009000194640202042105,EPS2609009,0001,5,946,402020,Retail,42105,Tradition Trade Sales,6321999999,COGS_PROMOTION BY PRODUCT,100,,,,truc_mt,46274,0.46203703703704002,truc_mt,46274,0.58342592592593001,
Mức (detail line) đã xóa trên SFA,EPS2609009000194740202042105,EPS2609009,0001,5,947,402020,Retail,42105,Tradition Trade Sales,6321999999,COGS_PROMOTION BY PRODUCT,100,,,,truc_mt,46274,0.46203703703704002,truc_mt,46274,0.58342592592593001,
Mức (detail line) đã xóa trên SFA,EPS2609009000194840202042105,EPS2609009,0001,5,948,402020,Retail,42105,Tradition Trade Sales,6321999999,COGS_PROMOTION BY PRODUCT,100,,,,truc_mt,46274,0.46203703703704002,truc_mt,46274,0.58342592592593001,
Mức (detail line) đã xóa trên SFA,EPS2609009000194140202042105,EPS2609009,0001,6,941,402020,Retail,42105,Tradition Trade Sales,6321999999,COGS_PROMOTION BY PRODUCT,100,,,,truc_mt,46274,0.46203703703704002,truc_mt,46274,0.58342592592593001,
Mức (detail line) đã xóa trên SFA,EPS2609009000194240202042105,EPS2609009,0001,6,942,402020,Retail,42105,Tradition Trade Sales,6321999999,COGS_PROMOTION BY PRODUCT,100,,,,truc_mt,46274,0.46203703703704002,truc_mt,46274,0.58342592592593001,
Mức (detail line) đã xóa trên SFA,EPS2609009000194340202042105,EPS2609009,0001,6,943,402020,Retail,42105,Tradition Trade Sales,6321999999,COGS_PROMOTION BY PRODUCT,100,,,,truc_mt,46274,0.46203703703704002,truc_mt,46274,0.58342592592593001,
Mức (detail line) đã xóa trên SFA,EPS2609009000194440202042105,EPS2609009,0001,6,944,402020,Retail,42105,Tradition Trade Sales,6321999999,COGS_PROMOTION BY PRODUCT,100,,,,truc_mt,46274,0.46203703703704002,truc_mt,46274,0.58342592592593001,
Mức (detail line) đã xóa trên SFA,EPS2609009000194540202042105,EPS2609009,0001,6,945,402020,Retail,42105,Tradition Trade Sales,6321999999,COGS_PROMOTION BY PRODUCT,100,,,,truc_mt,46274,0.46203703703704002,truc_mt,46274,0.58342592592593001,
Mức (detail line) đã xóa trên SFA,EPS2609009000194640202042105,EPS2609009,0001,6,946,402020,Retail,42105,Tradition Trade Sales,6321999999,COGS_PROMOTION BY PRODUCT,100,,,,truc_mt,46274,0.46203703703704002,truc_mt,46274,0.58342592592593001,
Mức (detail line) đã xóa trên SFA,EPS2609009000194740202042105,EPS2609009,0001,6,947,402020,Retail,42105,Tradition Trade Sales,6321999999,COGS_PROMOTION BY PRODUCT,100,,,,truc_mt,46274,0.46203703703704002,truc_mt,46274,0.58342592592593001,
Mức (detail line) đã xóa trên SFA,EPS2609009000194840202042105,EPS2609009,0001,6,948,402020,Retail,42105,Tradition Trade Sales,6321999999,COGS_PROMOTION BY PRODUCT,100,,,,truc_mt,46274,0.46203703703704002,truc_mt,46274,0.58342592592593001,
Mức (detail line) đã xóa trên SFA,EPS2609009000194140202042105,EPS2609009,0001,7,941,402020,Retail,42105,Tradition Trade Sales,6321999999,COGS_PROMOTION BY PRODUCT,100,,,,truc_mt,46274,0.46203703703704002,truc_mt,46274,0.58342592592593001,
Mức (detail line) đã xóa trên SFA,EPS2609009000194240202042105,EPS2609009,0001,7,942,402020,Retail,42105,Tradition Trade Sales,6321999999,COGS_PROMOTION BY PRODUCT,100,,,,truc_mt,46274,0.46203703703704002,truc_mt,46274,0.58342592592593001,
Mức (detail line) đã xóa trên SFA,EPS2609009000194340202042105,EPS2609009,0001,7,943,402020,Retail,42105,Tradition Trade Sales,6321999999,COGS_PROMOTION BY PRODUCT,100,,,,truc_mt,46274,0.46203703703704002,truc_mt,46274,0.58342592592593001,
Mức (detail line) đã xóa trên SFA,EPS2609009000194440202042105,EPS2609009,0001,7,944,402020,Retail,42105,Tradition Trade Sales,6321999999,COGS_PROMOTION BY PRODUCT,100,,,,truc_mt,46274,0.46203703703704002,truc_mt,46274,0.58342592592593001,
Mức (detail line) đã xóa trên SFA,EPS2609009000194540202042105,EPS2609009,0001,7,945,402020,Retail,42105,Tradition Trade Sales,6321999999,COGS_PROMOTION BY PRODUCT,100,,,,truc_mt,46274,0.46203703703704002,truc_mt,46274,0.58342592592593001,
Mức (detail line) đã xóa trên SFA,EPS2609009000194640202042105,EPS2609009,0001,7,946,402020,Retail,42105,Tradition Trade Sales,6321999999,COGS_PROMOTION BY PRODUCT,100,,,,truc_mt,46274,0.46203703703704002,truc_mt,46274,0.58342592592593001,
Mức (detail line) đã xóa trên SFA,EPS2609009000194740202042105,EPS2609009,0001,7,947,402020,Retail,42105,Tradition Trade Sales,6321999999,COGS_PROMOTION BY PRODUCT,100,,,,truc_mt,46274,0.46203703703704002,truc_mt,46274,0.58342592592593001,
Mức (detail line) đã xóa trên SFA,EPS2609009000194840202042105,EPS2609009,0001,7,948,402020,Retail,42105,Tradition Trade Sales,6321999999,COGS_PROMOTION BY PRODUCT,100,,,,truc_mt,46274,0.46203703703704002,truc_mt,46274,0.58342592592593001,
Mức (detail line) đã xóa trên SFA,EPS2609009000194140202042105,EPS2609009,0001,8,941,402020,Retail,42105,Tradition Trade Sales,6321999999,COGS_PROMOTION BY PRODUCT,100,,,,truc_mt,46274,0.46203703703704002,truc_mt,46274,0.58342592592593001,
Mức (detail line) đã xóa trên SFA,EPS2609009000194240202042105,EPS2609009,0001,8,942,402020,Retail,42105,Tradition Trade Sales,6321999999,COGS_PROMOTION BY PRODUCT,100,,,,truc_mt,46274,0.46203703703704002,truc_mt,46274,0.58342592592593001,
Mức (detail line) đã xóa trên SFA,EPS2609009000194340202042105,EPS2609009,0001,8,943,402020,Retail,42105,Tradition Trade Sales,6321999999,COGS_PROMOTION BY PRODUCT,100,,,,truc_mt,46274,0.46203703703704002,truc_mt,46274,0.58342592592593001,
Mức (detail line) đã xóa trên SFA,EPS2609009000194440202042105,EPS2609009,0001,8,944,402020,Retail,42105,Tradition Trade Sales,6321999999,COGS_PROMOTION BY PRODUCT,100,,,,truc_mt,46274,0.46203703703704002,truc_mt,46274,0.58342592592593001,
Mức (detail line) đã xóa trên SFA,EPS2609009000194540202042105,EPS2609009,0001,8,945,402020,Retail,42105,Tradition Trade Sales,6321999999,COGS_PROMOTION BY PRODUCT,100,,,,truc_mt,46274,0.46203703703704002,truc_mt,46274,0.58342592592593001,
Mức (detail line) đã xóa trên SFA,EPS2609009000194640202042105,EPS2609009,0001,8,946,402020,Retail,42105,Tradition Trade Sales,6321999999,COGS_PROMOTION BY PRODUCT,100,,,,truc_mt,46274,0.46203703703704002,truc_mt,46274,0.58342592592593001,
Mức (detail line) đã xóa trên SFA,EPS2609009000194740202042105,EPS2609009,0001,8,947,402020,Retail,42105,Tradition Trade Sales,6321999999,COGS_PROMOTION BY PRODUCT,100,,,,truc_mt,46274,0.46203703703704002,truc_mt,46274,0.58342592592593001,
Mức (detail line) đã xóa trên SFA,EPS2609009000194840202042105,EPS2609009,0001,8,948,402020,Retail,42105,Tradition Trade Sales,6321999999,COGS_PROMOTION BY PRODUCT,100,,,,truc_mt,46274,0.46203703703704002,truc_mt,46274,0.58342592592593001,
Mức (detail line) đã xóa trên SFA,EPS2609009000294940202042105,EPS2609009,0002,2,949,402020,Retail,42105,Tradition Trade Sales,6321999999,COGS_PROMOTION BY PRODUCT,100,,,,truc_mt,46274,0.46203703703704002,truc_mt,46275,0.45282407407406999,
Mức (detail line) đã xóa trên SFA,EPS2609009000295040202042105,EPS2609009,0002,2,950,402020,Retail,42105,Tradition Trade Sales,6321999999,COGS_PROMOTION BY PRODUCT,100,,,,truc_mt,46274,0.46203703703704002,truc_mt,46275,0.45282407407406999,
Mức (detail line) đã xóa trên SFA,EPS2609009000295140202042105,EPS2609009,0002,2,951,402020,Retail,42105,Tradition Trade Sales,6321999999,COGS_PROMOTION BY PRODUCT,100,,,,truc_mt,46274,0.46203703703704002,truc_mt,46275,0.45282407407406999,
Mức (detail line) đã xóa trên SFA,EPS2609009000295240202042105,EPS2609009,0002,2,952,402020,Retail,42105,Tradition Trade Sales,6321999999,COGS_PROMOTION BY PRODUCT,100,,,,truc_mt,46274,0.46203703703704002,truc_mt,46275,0.45282407407406999,
Mức (detail line) đã xóa trên SFA,EPS2609009000295340202042105,EPS2609009,0002,2,953,402020,Retail,42105,Tradition Trade Sales,6321999999,COGS_PROMOTION BY PRODUCT,100,,,,truc_mt,46274,0.46203703703704002,truc_mt,46275,0.45282407407406999,
Mức (detail line) đã xóa trên SFA,EPS2609009000295440202042105,EPS2609009,0002,2,954,402020,Retail,42105,Tradition Trade Sales,6321999999,COGS_PROMOTION BY PRODUCT,100,,,,truc_mt,46274,0.46203703703704002,truc_mt,46275,0.45282407407406999,
Mức (detail line) đã xóa trên SFA,EPS2609009000295540202042105,EPS2609009,0002,2,955,402020,Retail,42105,Tradition Trade Sales,6321999999,COGS_PROMOTION BY PRODUCT,100,,,,truc_mt,46274,0.46203703703704002,truc_mt,46275,0.45282407407406999,
Mức (detail line) đã xóa trên SFA,EPS2609009000295640202042105,EPS2609009,0002,2,956,402020,Retail,42105,Tradition Trade Sales,6321999999,COGS_PROMOTION BY PRODUCT,100,,,,truc_mt,46274,0.46203703703704002,truc_mt,46275,0.45282407407406999,
Mức (detail line) đã xóa trên SFA,EPS2609009000294940202042105,EPS2609009,0002,3,949,402020,Retail,42105,Tradition Trade Sales,6321999999,COGS_PROMOTION BY PRODUCT,100,,,,truc_mt,46274,0.46203703703704002,truc_mt,46275,0.45282407407406999,
Mức (detail line) đã xóa trên SFA,EPS2609009000295040202042105,EPS2609009,0002,3,950,402020,Retail,42105,Tradition Trade Sales,6321999999,COGS_PROMOTION BY PRODUCT,100,,,,truc_mt,46274,0.46203703703704002,truc_mt,46275,0.45282407407406999,
Mức (detail line) đã xóa trên SFA,EPS2609009000295140202042105,EPS2609009,0002,3,951,402020,Retail,42105,Tradition Trade Sales,6321999999,COGS_PROMOTION BY PRODUCT,100,,,,truc_mt,46274,0.46203703703704002,truc_mt,46275,0.45282407407406999,
Mức (detail line) đã xóa trên SFA,EPS2609009000295240202042105,EPS2609009,0002,3,952,402020,Retail,42105,Tradition Trade Sales,6321999999,COGS_PROMOTION BY PRODUCT,100,,,,truc_mt,46274,0.46203703703704002,truc_mt,46275,0.45282407407406999,
Mức (detail line) đã xóa trên SFA,EPS2609009000295340202042105,EPS2609009,0002,3,953,402020,Retail,42105,Tradition Trade Sales,6321999999,COGS_PROMOTION BY PRODUCT,100,,,,truc_mt,46274,0.46203703703704002,truc_mt,46275,0.45282407407406999,
Mức (detail line) đã xóa trên SFA,EPS2609009000295440202042105,EPS2609009,0002,3,954,402020,Retail,42105,Tradition Trade Sales,6321999999,COGS_PROMOTION BY PRODUCT,100,,,,truc_mt,46274,0.46203703703704002,truc_mt,46275,0.45282407407406999,
Mức (detail line) đã xóa trên SFA,EPS2609009000295540202042105,EPS2609009,0002,3,955,402020,Retail,42105,Tradition Trade Sales,6321999999,COGS_PROMOTION BY PRODUCT,100,,,,truc_mt,46274,0.46203703703704002,truc_mt,46275,0.45282407407406999,
Mức (detail line) đã xóa trên SFA,EPS2609009000295640202042105,EPS2609009,0002,3,956,402020,Retail,42105,Tradition Trade Sales,6321999999,COGS_PROMOTION BY PRODUCT,100,,,,truc_mt,46274,0.46203703703704002,truc_mt,46275,0.45282407407406999,
Mức (detail line) đã xóa trên SFA,EPS2609009000294940202042105,EPS2609009,0002,4,949,402020,Retail,42105,Tradition Trade Sales,6321999999,COGS_PROMOTION BY PRODUCT,100,,,,truc_mt,46274,0.46203703703704002,truc_mt,46275,0.45282407407406999,
Mức (detail line) đã xóa trên SFA,EPS2609009000295040202042105,EPS2609009,0002,4,950,402020,Retail,42105,Tradition Trade Sales,6321999999,COGS_PROMOTION BY PRODUCT,100,,,,truc_mt,46274,0.46203703703704002,truc_mt,46275,0.45282407407406999,
Mức (detail line) đã xóa trên SFA,EPS2609009000295140202042105,EPS2609009,0002,4,951,402020,Retail,42105,Tradition Trade Sales,6321999999,COGS_PROMOTION BY PRODUCT,100,,,,truc_mt,46274,0.46203703703704002,truc_mt,46275,0.45282407407406999,
Mức (detail line) đã xóa trên SFA,EPS2609009000295240202042105,EPS2609009,0002,4,952,402020,Retail,42105,Tradition Trade Sales,6321999999,COGS_PROMOTION BY PRODUCT,100,,,,truc_mt,46274,0.46203703703704002,truc_mt,46275,0.45282407407406999,
Mức (detail line) đã xóa trên SFA,EPS2609009000295340202042105,EPS2609009,0002,4,953,402020,Retail,42105,Tradition Trade Sales,6321999999,COGS_PROMOTION BY PRODUCT,100,,,,truc_mt,46274,0.46203703703704002,truc_mt,46275,0.45282407407406999,
Mức (detail line) đã xóa trên SFA,EPS2609009000295440202042105,EPS2609009,0002,4,954,402020,Retail,42105,Tradition Trade Sales,6321999999,COGS_PROMOTION BY PRODUCT,100,,,,truc_mt,46274,0.46203703703704002,truc_mt,46275,0.45282407407406999,
Mức (detail line) đã xóa trên SFA,EPS2609009000295540202042105,EPS2609009,0002,4,955,402020,Retail,42105,Tradition Trade Sales,6321999999,COGS_PROMOTION BY PRODUCT,100,,,,truc_mt,46274,0.46203703703704002,truc_mt,46275,0.45282407407406999,
Mức (detail line) đã xóa trên SFA,EPS2609009000295640202042105,EPS2609009,0002,4,956,402020,Retail,42105,Tradition Trade Sales,6321999999,COGS_PROMOTION BY PRODUCT,100,,,,truc_mt,46274,0.46203703703704002,truc_mt,46275,0.45282407407406999,
Mức (detail line) đã xóa trên SFA,EPS2609009000294940202042105,EPS2609009,0002,5,949,402020,Retail,42105,Tradition Trade Sales,6321999999,COGS_PROMOTION BY PRODUCT,100,,,,truc_mt,46274,0.46203703703704002,truc_mt,46275,0.45282407407406999,
Mức (detail line) đã xóa trên SFA,EPS2609009000295040202042105,EPS2609009,0002,5,950,402020,Retail,42105,Tradition Trade Sales,6321999999,COGS_PROMOTION BY PRODUCT,100,,,,truc_mt,46274,0.46203703703704002,truc_mt,46275,0.45282407407406999,
Mức (detail line) đã xóa trên SFA,EPS2609009000295140202042105,EPS2609009,0002,5,951,402020,Retail,42105,Tradition Trade Sales,6321999999,COGS_PROMOTION BY PRODUCT,100,,,,truc_mt,46274,0.46203703703704002,truc_mt,46275,0.45282407407406999,
Mức (detail line) đã xóa trên SFA,EPS2609009000295240202042105,EPS2609009,0002,5,952,402020,Retail,42105,Tradition Trade Sales,6321999999,COGS_PROMOTION BY PRODUCT,100,,,,truc_mt,46274,0.46203703703704002,truc_mt,46275,0.45282407407406999,
Mức (detail line) đã xóa trên SFA,EPS2609009000295340202042105,EPS2609009,0002,5,953,402020,Retail,42105,Tradition Trade Sales,6321999999,COGS_PROMOTION BY PRODUCT,100,,,,truc_mt,46274,0.46203703703704002,truc_mt,46275,0.45282407407406999,
Mức (detail line) đã xóa trên SFA,EPS2609009000295440202042105,EPS2609009,0002,5,954,402020,Retail,42105,Tradition Trade Sales,6321999999,COGS_PROMOTION BY PRODUCT,100,,,,truc_mt,46274,0.46203703703704002,truc_mt,46275,0.45282407407406999,
Mức (detail line) đã xóa trên SFA,EPS2609009000295540202042105,EPS2609009,0002,5,955,402020,Retail,42105,Tradition Trade Sales,6321999999,COGS_PROMOTION BY PRODUCT,100,,,,truc_mt,46274,0.46203703703704002,truc_mt,46275,0.45282407407406999,
Mức (detail line) đã xóa trên SFA,EPS2609009000295640202042105,EPS2609009,0002,5,956,402020,Retail,42105,Tradition Trade Sales,6321999999,COGS_PROMOTION BY PRODUCT,100,,,,truc_mt,46274,0.46203703703704002,truc_mt,46275,0.45282407407406999,
Mức (detail line) đã xóa trên SFA,EPS2609009000294940202042105,EPS2609009,0002,6,949,402020,Retail,42105,Tradition Trade Sales,6321999999,COGS_PROMOTION BY PRODUCT,100,,,,truc_mt,46274,0.46203703703704002,truc_mt,46275,0.45282407407406999,
Mức (detail line) đã xóa trên SFA,EPS2609009000295040202042105,EPS2609009,0002,6,950,402020,Retail,42105,Tradition Trade Sales,6321999999,COGS_PROMOTION BY PRODUCT,100,,,,truc_mt,46274,0.46203703703704002,truc_mt,46275,0.45282407407406999,
Mức (detail line) đã xóa trên SFA,EPS2609009000295140202042105,EPS2609009,0002,6,951,402020,Retail,42105,Tradition Trade Sales,6321999999,COGS_PROMOTION BY PRODUCT,100,,,,truc_mt,46274,0.46203703703704002,truc_mt,46275,0.45282407407406999,
Mức (detail line) đã xóa trên SFA,EPS2609009000295240202042105,EPS2609009,0002,6,952,402020,Retail,42105,Tradition Trade Sales,6321999999,COGS_PROMOTION BY PRODUCT,100,,,,truc_mt,46274,0.46203703703704002,truc_mt,46275,0.45282407407406999,
Mức (detail line) đã xóa trên SFA,EPS2609009000295340202042105,EPS2609009,0002,6,953,402020,Retail,42105,Tradition Trade Sales,6321999999,COGS_PROMOTION BY PRODUCT,100,,,,truc_mt,46274,0.46203703703704002,truc_mt,46275,0.45282407407406999,
Mức (detail line) đã xóa trên SFA,EPS2609009000295440202042105,EPS2609009,0002,6,954,402020,Retail,42105,Tradition Trade Sales,6321999999,COGS_PROMOTION BY PRODUCT,100,,,,truc_mt,46274,0.46203703703704002,truc_mt,46275,0.45282407407406999,
Mức (detail line) đã xóa trên SFA,EPS2609009000295540202042105,EPS2609009,0002,6,955,402020,Retail,42105,Tradition Trade Sales,6321999999,COGS_PROMOTION BY PRODUCT,100,,,,truc_mt,46274,0.46203703703704002,truc_mt,46275,0.45282407407406999,
Mức (detail line) đã xóa trên SFA,EPS2609009000295640202042105,EPS2609009,0002,6,956,402020,Retail,42105,Tradition Trade Sales,6321999999,COGS_PROMOTION BY PRODUCT,100,,,,truc_mt,46274,0.46203703703704002,truc_mt,46275,0.45282407407406999,
Mức (detail line) đã xóa trên SFA,EPS2609009000294940202042105,EPS2609009,0002,7,949,402020,Retail,42105,Tradition Trade Sales,6321999999,COGS_PROMOTION BY PRODUCT,100,,,,truc_mt,46274,0.46203703703704002,truc_mt,46275,0.45282407407406999,
Mức (detail line) đã xóa trên SFA,EPS2609009000295040202042105,EPS2609009,0002,7,950,402020,Retail,42105,Tradition Trade Sales,6321999999,COGS_PROMOTION BY PRODUCT,100,,,,truc_mt,46274,0.46203703703704002,truc_mt,46275,0.45282407407406999,
Mức (detail line) đã xóa trên SFA,EPS2609009000295140202042105,EPS2609009,0002,7,951,402020,Retail,42105,Tradition Trade Sales,6321999999,COGS_PROMOTION BY PRODUCT,100,,,,truc_mt,46274,0.46203703703704002,truc_mt,46275,0.45282407407406999,
Mức (detail line) đã xóa trên SFA,EPS2609009000295240202042105,EPS2609009,0002,7,952,402020,Retail,42105,Tradition Trade Sales,6321999999,COGS_PROMOTION BY PRODUCT,100,,,,truc_mt,46274,0.46203703703704002,truc_mt,46275,0.45282407407406999,
Mức (detail line) đã xóa trên SFA,EPS2609009000295340202042105,EPS2609009,0002,7,953,402020,Retail,42105,Tradition Trade Sales,6321999999,COGS_PROMOTION BY PRODUCT,100,,,,truc_mt,46274,0.46203703703704002,truc_mt,46275,0.45282407407406999,
Mức (detail line) đã xóa trên SFA,EPS2609009000295440202042105,EPS2609009,0002,7,954,402020,Retail,42105,Tradition Trade Sales,6321999999,COGS_PROMOTION BY PRODUCT,100,,,,truc_mt,46274,0.46203703703704002,truc_mt,46275,0.45282407407406999,
Mức (detail line) đã xóa trên SFA,EPS2609009000295540202042105,EPS2609009,0002,7,955,402020,Retail,42105,Tradition Trade Sales,6321999999,COGS_PROMOTION BY PRODUCT,100,,,,truc_mt,46274,0.46203703703704002,truc_mt,46275,0.45282407407406999,
Mức (detail line) đã xóa trên SFA,EPS2609009000295640202042105,EPS2609009,0002,7,956,402020,Retail,42105,Tradition Trade Sales,6321999999,COGS_PROMOTION BY PRODUCT,100,,,,truc_mt,46274,0.46203703703704002,truc_mt,46275,0.45282407407406999,
Mức (detail line) đã xóa trên SFA,EPS2609009000294940202042105,EPS2609009,0002,8,949,402020,Retail,42105,Tradition Trade Sales,6321999999,COGS_PROMOTION BY PRODUCT,100,,,,truc_mt,46274,0.46203703703704002,truc_mt,46275,0.45282407407406999,
Mức (detail line) đã xóa trên SFA,EPS2609009000295040202042105,EPS2609009,0002,8,950,402020,Retail,42105,Tradition Trade Sales,6321999999,COGS_PROMOTION BY PRODUCT,100,,,,truc_mt,46274,0.46203703703704002,truc_mt,46275,0.45282407407406999,
Mức (detail line) đã xóa trên SFA,EPS2609009000295140202042105,EPS2609009,0002,8,951,402020,Retail,42105,Tradition Trade Sales,6321999999,COGS_PROMOTION BY PRODUCT,100,,,,truc_mt,46274,0.46203703703704002,truc_mt,46275,0.45282407407406999,
Mức (detail line) đã xóa trên SFA,EPS2609009000295240202042105,EPS2609009,0002,8,952,402020,Retail,42105,Tradition Trade Sales,6321999999,COGS_PROMOTION BY PRODUCT,100,,,,truc_mt,46274,0.46203703703704002,truc_mt,46275,0.45282407407406999,
Mức (detail line) đã xóa trên SFA,EPS2609009000295340202042105,EPS2609009,0002,8,953,402020,Retail,42105,Tradition Trade Sales,6321999999,COGS_PROMOTION BY PRODUCT,100,,,,truc_mt,46274,0.46203703703704002,truc_mt,46275,0.45282407407406999,
Mức (detail line) đã xóa trên SFA,EPS2609009000295440202042105,EPS2609009,0002,8,954,402020,Retail,42105,Tradition Trade Sales,6321999999,COGS_PROMOTION BY PRODUCT,100,,,,truc_mt,46274,0.46203703703704002,truc_mt,46275,0.45282407407406999,
Mức (detail line) đã xóa trên SFA,EPS2609009000295540202042105,EPS2609009,0002,8,955,402020,Retail,42105,Tradition Trade Sales,6321999999,COGS_PROMOTION BY PRODUCT,100,,,,truc_mt,46274,0.46203703703704002,truc_mt,46275,0.45282407407406999,
Mức (detail line) đã xóa trên SFA,EPS2609009000295640202042105,EPS2609009,0002,8,956,402020,Retail,42105,Tradition Trade Sales,6321999999,COGS_PROMOTION BY PRODUCT,100,,,,truc_mt,46274,0.46203703703704002,truc_mt,46275,0.45282407407406999,
Mức (detail line) đã xóa trên SFA,EPS2609009000395740202042105,EPS2609009,0003,2,957,402020,Retail,42105,Tradition Trade Sales,6321999999,COGS_PROMOTION BY PRODUCT,100,,,,truc_mt,46274,0.46203703703704002,truc_mt,46275,0.46879629629629999,
Mức (detail line) đã xóa trên SFA,EPS2609009000395840202042105,EPS2609009,0003,2,958,402020,Retail,42105,Tradition Trade Sales,6321999999,COGS_PROMOTION BY PRODUCT,100,,,,truc_mt,46274,0.46203703703704002,truc_mt,46275,0.46879629629629999,
Mức (detail line) đã xóa trên SFA,EPS2609009000395940202042105,EPS2609009,0003,2,959,402020,Retail,42105,Tradition Trade Sales,6321999999,COGS_PROMOTION BY PRODUCT,100,,,,truc_mt,46274,0.46203703703704002,truc_mt,46275,0.46879629629629999,
Mức (detail line) đã xóa trên SFA,EPS2609009000396040202042105,EPS2609009,0003,2,960,402020,Retail,42105,Tradition Trade Sales,6321999999,COGS_PROMOTION BY PRODUCT,100,,,,truc_mt,46274,0.46203703703704002,truc_mt,46275,0.46879629629629999,
Mức (detail line) đã xóa trên SFA,EPS2609009000396140202042105,EPS2609009,0003,2,961,402020,Retail,42105,Tradition Trade Sales,6321999999,COGS_PROMOTION BY PRODUCT,100,,,,truc_mt,46274,0.46203703703704002,truc_mt,46275,0.46879629629629999,
Mức (detail line) đã xóa trên SFA,EPS2609009000396240202042105,EPS2609009,0003,2,962,402020,Retail,42105,Tradition Trade Sales,6321999999,COGS_PROMOTION BY PRODUCT,100,,,,truc_mt,46274,0.46203703703704002,truc_mt,46275,0.46879629629629999,
Mức (detail line) đã xóa trên SFA,EPS2609009000396340202042105,EPS2609009,0003,2,963,402020,Retail,42105,Tradition Trade Sales,6321999999,COGS_PROMOTION BY PRODUCT,100,,,,truc_mt,46274,0.46203703703704002,truc_mt,46275,0.46879629629629999,
Mức (detail line) đã xóa trên SFA,EPS2609009000396440202042105,EPS2609009,0003,2,964,402020,Retail,42105,Tradition Trade Sales,6321999999,COGS_PROMOTION BY PRODUCT,100,,,,truc_mt,46274,0.46203703703704002,truc_mt,46275,0.46879629629629999,
Mức (detail line) đã xóa trên SFA,EPS2609009000395740202042105,EPS2609009,0003,3,957,402020,Retail,42105,Tradition Trade Sales,6321999999,COGS_PROMOTION BY PRODUCT,100,,,,truc_mt,46274,0.46203703703704002,truc_mt,46275,0.46879629629629999,
Mức (detail line) đã xóa trên SFA,EPS2609009000395840202042105,EPS2609009,0003,3,958,402020,Retail,42105,Tradition Trade Sales,6321999999,COGS_PROMOTION BY PRODUCT,100,,,,truc_mt,46274,0.46203703703704002,truc_mt,46275,0.46879629629629999,
Mức (detail line) đã xóa trên SFA,EPS2609009000395940202042105,EPS2609009,0003,3,959,402020,Retail,42105,Tradition Trade Sales,6321999999,COGS_PROMOTION BY PRODUCT,100,,,,truc_mt,46274,0.46203703703704002,truc_mt,46275,0.46879629629629999,
Mức (detail line) đã xóa trên SFA,EPS2609009000396040202042105,EPS2609009,0003,3,960,402020,Retail,42105,Tradition Trade Sales,6321999999,COGS_PROMOTION BY PRODUCT,100,,,,truc_mt,46274,0.46203703703704002,truc_mt,46275,0.46879629629629999,
Mức (detail line) đã xóa trên SFA,EPS2609009000396140202042105,EPS2609009,0003,3,961,402020,Retail,42105,Tradition Trade Sales,6321999999,COGS_PROMOTION BY PRODUCT,100,,,,truc_mt,46274,0.46203703703704002,truc_mt,46275,0.46879629629629999,
Mức (detail line) đã xóa trên SFA,EPS2609009000396240202042105,EPS2609009,0003,3,962,402020,Retail,42105,Tradition Trade Sales,6321999999,COGS_PROMOTION BY PRODUCT,100,,,,truc_mt,46274,0.46203703703704002,truc_mt,46275,0.46879629629629999,
Mức (detail line) đã xóa trên SFA,EPS2609009000396340202042105,EPS2609009,0003,3,963,402020,Retail,42105,Tradition Trade Sales,6321999999,COGS_PROMOTION BY PRODUCT,100,,,,truc_mt,46274,0.46203703703704002,truc_mt,46275,0.46879629629629999,
Mức (detail line) đã xóa trên SFA,EPS2609009000396440202042105,EPS2609009,0003,3,964,402020,Retail,42105,Tradition Trade Sales,6321999999,COGS_PROMOTION BY PRODUCT,100,,,,truc_mt,46274,0.46203703703704002,truc_mt,46275,0.46879629629629999,
Mức (detail line) đã xóa trên SFA,EPS2609009000395740202042105,EPS2609009,0003,4,957,402020,Retail,42105,Tradition Trade Sales,6321999999,COGS_PROMOTION BY PRODUCT,100,,,,truc_mt,46274,0.46203703703704002,truc_mt,46275,0.46879629629629999,
Mức (detail line) đã xóa trên SFA,EPS2609009000395840202042105,EPS2609009,0003,4,958,402020,Retail,42105,Tradition Trade Sales,6321999999,COGS_PROMOTION BY PRODUCT,100,,,,truc_mt,46274,0.46203703703704002,truc_mt,46275,0.46879629629629999,
Mức (detail line) đã xóa trên SFA,EPS2609009000395940202042105,EPS2609009,0003,4,959,402020,Retail,42105,Tradition Trade Sales,6321999999,COGS_PROMOTION BY PRODUCT,100,,,,truc_mt,46274,0.46203703703704002,truc_mt,46275,0.46879629629629999,
Mức (detail line) đã xóa trên SFA,EPS2609009000396040202042105,EPS2609009,0003,4,960,402020,Retail,42105,Tradition Trade Sales,6321999999,COGS_PROMOTION BY PRODUCT,100,,,,truc_mt,46274,0.46203703703704002,truc_mt,46275,0.46879629629629999,
Mức (detail line) đã xóa trên SFA,EPS2609009000396140202042105,EPS2609009,0003,4,961,402020,Retail,42105,Tradition Trade Sales,6321999999,COGS_PROMOTION BY PRODUCT,100,,,,truc_mt,46274,0.46203703703704002,truc_mt,46275,0.46879629629629999,
Mức (detail line) đã xóa trên SFA,EPS2609009000396240202042105,EPS2609009,0003,4,962,402020,Retail,42105,Tradition Trade Sales,6321999999,COGS_PROMOTION BY PRODUCT,100,,,,truc_mt,46274,0.46203703703704002,truc_mt,46275,0.46879629629629999,
Mức (detail line) đã xóa trên SFA,EPS2609009000396340202042105,EPS2609009,0003,4,963,402020,Retail,42105,Tradition Trade Sales,6321999999,COGS_PROMOTION BY PRODUCT,100,,,,truc_mt,46274,0.46203703703704002,truc_mt,46275,0.46879629629629999,
Mức (detail line) đã xóa trên SFA,EPS2609009000396440202042105,EPS2609009,0003,4,964,402020,Retail,42105,Tradition Trade Sales,6321999999,COGS_PROMOTION BY PRODUCT,100,,,,truc_mt,46274,0.46203703703704002,truc_mt,46275,0.46879629629629999,
Mức (detail line) đã xóa trên SFA,EPS2609009000395740202042105,EPS2609009,0003,5,957,402020,Retail,42105,Tradition Trade Sales,6321999999,COGS_PROMOTION BY PRODUCT,100,,,,truc_mt,46274,0.46203703703704002,truc_mt,46275,0.46879629629629999,
Mức (detail line) đã xóa trên SFA,EPS2609009000395840202042105,EPS2609009,0003,5,958,402020,Retail,42105,Tradition Trade Sales,6321999999,COGS_PROMOTION BY PRODUCT,100,,,,truc_mt,46274,0.46203703703704002,truc_mt,46275,0.46879629629629999,
Mức (detail line) đã xóa trên SFA,EPS2609009000395940202042105,EPS2609009,0003,5,959,402020,Retail,42105,Tradition Trade Sales,6321999999,COGS_PROMOTION BY PRODUCT,100,,,,truc_mt,46274,0.46203703703704002,truc_mt,46275,0.46879629629629999,
Mức (detail line) đã xóa trên SFA,EPS2609009000396040202042105,EPS2609009,0003,5,960,402020,Retail,42105,Tradition Trade Sales,6321999999,COGS_PROMOTION BY PRODUCT,100,,,,truc_mt,46274,0.46203703703704002,truc_mt,46275,0.46879629629629999,
Mức (detail line) đã xóa trên SFA,EPS2609009000396140202042105,EPS2609009,0003,5,961,402020,Retail,42105,Tradition Trade Sales,6321999999,COGS_PROMOTION BY PRODUCT,100,,,,truc_mt,46274,0.46203703703704002,truc_mt,46275,0.46879629629629999,
Mức (detail line) đã xóa trên SFA,EPS2609009000396240202042105,EPS2609009,0003,5,962,402020,Retail,42105,Tradition Trade Sales,6321999999,COGS_PROMOTION BY PRODUCT,100,,,,truc_mt,46274,0.46203703703704002,truc_mt,46275,0.46879629629629999,
Mức (detail line) đã xóa trên SFA,EPS2609009000396340202042105,EPS2609009,0003,5,963,402020,Retail,42105,Tradition Trade Sales,6321999999,COGS_PROMOTION BY PRODUCT,100,,,,truc_mt,46274,0.46203703703704002,truc_mt,46275,0.46879629629629999,
Mức (detail line) đã xóa trên SFA,EPS2609009000396440202042105,EPS2609009,0003,5,964,402020,Retail,42105,Tradition Trade Sales,6321999999,COGS_PROMOTION BY PRODUCT,100,,,,truc_mt,46274,0.46203703703704002,truc_mt,46275,0.46879629629629999,
Mức (detail line) đã xóa trên SFA,EPS2609009000395740202042105,EPS2609009,0003,6,957,402020,Retail,42105,Tradition Trade Sales,6321999999,COGS_PROMOTION BY PRODUCT,100,,,,truc_mt,46274,0.46203703703704002,truc_mt,46275,0.46879629629629999,
Mức (detail line) đã xóa trên SFA,EPS2609009000395840202042105,EPS2609009,0003,6,958,402020,Retail,42105,Tradition Trade Sales,6321999999,COGS_PROMOTION BY PRODUCT,100,,,,truc_mt,46274,0.46203703703704002,truc_mt,46275,0.46879629629629999,
Mức (detail line) đã xóa trên SFA,EPS2609009000395940202042105,EPS2609009,0003,6,959,402020,Retail,42105,Tradition Trade Sales,6321999999,COGS_PROMOTION BY PRODUCT,100,,,,truc_mt,46274,0.46203703703704002,truc_mt,46275,0.46879629629629999,
Mức (detail line) đã xóa trên SFA,EPS2609009000396040202042105,EPS2609009,0003,6,960,402020,Retail,42105,Tradition Trade Sales,6321999999,COGS_PROMOTION BY PRODUCT,100,,,,truc_mt,46274,0.46203703703704002,truc_mt,46275,0.46879629629629999,
Mức (detail line) đã xóa trên SFA,EPS2609009000396140202042105,EPS2609009,0003,6,961,402020,Retail,42105,Tradition Trade Sales,6321999999,COGS_PROMOTION BY PRODUCT,100,,,,truc_mt,46274,0.46203703703704002,truc_mt,46275,0.46879629629629999,
Mức (detail line) đã xóa trên SFA,EPS2609009000396240202042105,EPS2609009,0003,6,962,402020,Retail,42105,Tradition Trade Sales,6321999999,COGS_PROMOTION BY PRODUCT,100,,,,truc_mt,46274,0.46203703703704002,truc_mt,46275,0.46879629629629999,
Mức (detail line) đã xóa trên SFA,EPS2609009000396340202042105,EPS2609009,0003,6,963,402020,Retail,42105,Tradition Trade Sales,6321999999,COGS_PROMOTION BY PRODUCT,100,,,,truc_mt,46274,0.46203703703704002,truc_mt,46275,0.46879629629629999,
Mức (detail line) đã xóa trên SFA,EPS2609009000396440202042105,EPS2609009,0003,6,964,402020,Retail,42105,Tradition Trade Sales,6321999999,COGS_PROMOTION BY PRODUCT,100,,,,truc_mt,46274,0.46203703703704002,truc_mt,46275,0.46879629629629999,
Mức (detail line) đã xóa trên SFA,EPS2609009000395740202042105,EPS2609009,0003,7,957,402020,Retail,42105,Tradition Trade Sales,6321999999,COGS_PROMOTION BY PRODUCT,100,,,,truc_mt,46274,0.46203703703704002,truc_mt,46275,0.46879629629629999,
Mức (detail line) đã xóa trên SFA,EPS2609009000395840202042105,EPS2609009,0003,7,958,402020,Retail,42105,Tradition Trade Sales,6321999999,COGS_PROMOTION BY PRODUCT,100,,,,truc_mt,46274,0.46203703703704002,truc_mt,46275,0.46879629629629999,
Mức (detail line) đã xóa trên SFA,EPS2609009000395940202042105,EPS2609009,0003,7,959,402020,Retail,42105,Tradition Trade Sales,6321999999,COGS_PROMOTION BY PRODUCT,100,,,,truc_mt,46274,0.46203703703704002,truc_mt,46275,0.46879629629629999,
Mức (detail line) đã xóa trên SFA,EPS2609009000396040202042105,EPS2609009,0003,7,960,402020,Retail,42105,Tradition Trade Sales,6321999999,COGS_PROMOTION BY PRODUCT,100,,,,truc_mt,46274,0.46203703703704002,truc_mt,46275,0.46879629629629999,
Mức (detail line) đã xóa trên SFA,EPS2609009000396140202042105,EPS2609009,0003,7,961,402020,Retail,42105,Tradition Trade Sales,6321999999,COGS_PROMOTION BY PRODUCT,100,,,,truc_mt,46274,0.46203703703704002,truc_mt,46275,0.46879629629629999,
Mức (detail line) đã xóa trên SFA,EPS2609009000396240202042105,EPS2609009,0003,7,962,402020,Retail,42105,Tradition Trade Sales,6321999999,COGS_PROMOTION BY PRODUCT,100,,,,truc_mt,46274,0.46203703703704002,truc_mt,46275,0.46879629629629999,
Mức (detail line) đã xóa trên SFA,EPS2609009000396340202042105,EPS2609009,0003,7,963,402020,Retail,42105,Tradition Trade Sales,6321999999,COGS_PROMOTION BY PRODUCT,100,,,,truc_mt,46274,0.46203703703704002,truc_mt,46275,0.46879629629629999,
Mức (detail line) đã xóa trên SFA,EPS2609009000396440202042105,EPS2609009,0003,7,964,402020,Retail,42105,Tradition Trade Sales,6321999999,COGS_PROMOTION BY PRODUCT,100,,,,truc_mt,46274,0.46203703703704002,truc_mt,46275,0.46879629629629999,
Mức (detail line) đã xóa trên SFA,EPS2609009000395740202042105,EPS2609009,0003,8,957,402020,Retail,42105,Tradition Trade Sales,6321999999,COGS_PROMOTION BY PRODUCT,100,,,,truc_mt,46274,0.46203703703704002,truc_mt,46275,0.46879629629629999,
Mức (detail line) đã xóa trên SFA,EPS2609009000395840202042105,EPS2609009,0003,8,958,402020,Retail,42105,Tradition Trade Sales,6321999999,COGS_PROMOTION BY PRODUCT,100,,,,truc_mt,46274,0.46203703703704002,truc_mt,46275,0.46879629629629999,
Mức (detail line) đã xóa trên SFA,EPS2609009000395940202042105,EPS2609009,0003,8,959,402020,Retail,42105,Tradition Trade Sales,6321999999,COGS_PROMOTION BY PRODUCT,100,,,,truc_mt,46274,0.46203703703704002,truc_mt,46275,0.46879629629629999,
Mức (detail line) đã xóa trên SFA,EPS2609009000396040202042105,EPS2609009,0003,8,960,402020,Retail,42105,Tradition Trade Sales,6321999999,COGS_PROMOTION BY PRODUCT,100,,,,truc_mt,46274,0.46203703703704002,truc_mt,46275,0.46879629629629999,
Mức (detail line) đã xóa trên SFA,EPS2609009000396140202042105,EPS2609009,0003,8,961,402020,Retail,42105,Tradition Trade Sales,6321999999,COGS_PROMOTION BY PRODUCT,100,,,,truc_mt,46274,0.46203703703704002,truc_mt,46275,0.46879629629629999,
Mức (detail line) đã xóa trên SFA,EPS2609009000396240202042105,EPS2609009,0003,8,962,402020,Retail,42105,Tradition Trade Sales,6321999999,COGS_PROMOTION BY PRODUCT,100,,,,truc_mt,46274,0.46203703703704002,truc_mt,46275,0.46879629629629999,
Mức (detail line) đã xóa trên SFA,EPS2609009000396340202042105,EPS2609009,0003,8,963,402020,Retail,42105,Tradition Trade Sales,6321999999,COGS_PROMOTION BY PRODUCT,100,,,,truc_mt,46274,0.46203703703704002,truc_mt,46275,0.46879629629629999,
Mức (detail line) đã xóa trên SFA,EPS2609009000396440202042105,EPS2609009,0003,8,964,402020,Retail,42105,Tradition Trade Sales,6321999999,COGS_PROMOTION BY PRODUCT,100,,,,truc_mt,46274,0.46203703703704002,truc_mt,46275,0.46879629629629999,
Mức (detail line) đã xóa trên SFA,EPS2609009000496540404042105,EPS2609009,0004,2,965,404040,Aji-ngon Pork,42105,Tradition Trade Sales,6321999999,COGS_PROMOTION BY PRODUCT,100,,,,truc_mt,46274,0.46203703703704002,truc_mt,46275,0.46935185185185002,
Mức (detail line) đã xóa trên SFA,EPS2609009000496640404042105,EPS2609009,0004,2,966,404040,Aji-ngon Pork,42105,Tradition Trade Sales,6321999999,COGS_PROMOTION BY PRODUCT,100,,,,truc_mt,46274,0.46203703703704002,truc_mt,46275,0.46935185185185002,
Mức (detail line) đã xóa trên SFA,EPS2609009000496740404042105,EPS2609009,0004,2,967,404040,Aji-ngon Pork,42105,Tradition Trade Sales,6321999999,COGS_PROMOTION BY PRODUCT,100,,,,truc_mt,46274,0.46203703703704002,truc_mt,46275,0.46935185185185002,
Mức (detail line) đã xóa trên SFA,EPS2609009000496840404042105,EPS2609009,0004,2,968,404040,Aji-ngon Pork,42105,Tradition Trade Sales,6321999999,COGS_PROMOTION BY PRODUCT,100,,,,truc_mt,46274,0.46203703703704002,truc_mt,46275,0.46935185185185002,
Mức (detail line) đã xóa trên SFA,EPS2609009000496940404042105,EPS2609009,0004,2,969,404040,Aji-ngon Pork,42105,Tradition Trade Sales,6321999999,COGS_PROMOTION BY PRODUCT,100,,,,truc_mt,46274,0.46203703703704002,truc_mt,46275,0.46935185185185002,
Mức (detail line) đã xóa trên SFA,EPS2609009000497040404042105,EPS2609009,0004,2,970,404040,Aji-ngon Pork,42105,Tradition Trade Sales,6321999999,COGS_PROMOTION BY PRODUCT,100,,,,truc_mt,46274,0.46203703703704002,truc_mt,46275,0.46935185185185002,
Mức (detail line) đã xóa trên SFA,EPS2609009000497140404042105,EPS2609009,0004,2,971,404040,Aji-ngon Pork,42105,Tradition Trade Sales,6321999999,COGS_PROMOTION BY PRODUCT,100,,,,truc_mt,46274,0.46203703703704002,truc_mt,46275,0.46935185185185002,
Mức (detail line) đã xóa trên SFA,EPS2609009000497240404042105,EPS2609009,0004,2,972,404040,Aji-ngon Pork,42105,Tradition Trade Sales,6321999999,COGS_PROMOTION BY PRODUCT,100,,,,truc_mt,46274,0.46203703703704002,truc_mt,46275,0.46935185185185002,
Mức (detail line) đã xóa trên SFA,EPS2609009000496540404042105,EPS2609009,0004,3,965,404040,Aji-ngon Pork,42105,Tradition Trade Sales,6321999999,COGS_PROMOTION BY PRODUCT,100,,,,truc_mt,46274,0.46203703703704002,truc_mt,46275,0.46935185185185002,
Mức (detail line) đã xóa trên SFA,EPS2609009000496640404042105,EPS2609009,0004,3,966,404040,Aji-ngon Pork,42105,Tradition Trade Sales,6321999999,COGS_PROMOTION BY PRODUCT,100,,,,truc_mt,46274,0.46203703703704002,truc_mt,46275,0.46935185185185002,
Mức (detail line) đã xóa trên SFA,EPS2609009000496740404042105,EPS2609009,0004,3,967,404040,Aji-ngon Pork,42105,Tradition Trade Sales,6321999999,COGS_PROMOTION BY PRODUCT,100,,,,truc_mt,46274,0.46203703703704002,truc_mt,46275,0.46935185185185002,
Mức (detail line) đã xóa trên SFA,EPS2609009000496840404042105,EPS2609009,0004,3,968,404040,Aji-ngon Pork,42105,Tradition Trade Sales,6321999999,COGS_PROMOTION BY PRODUCT,100,,,,truc_mt,46274,0.46203703703704002,truc_mt,46275,0.46935185185185002,
Mức (detail line) đã xóa trên SFA,EPS2609009000496940404042105,EPS2609009,0004,3,969,404040,Aji-ngon Pork,42105,Tradition Trade Sales,6321999999,COGS_PROMOTION BY PRODUCT,100,,,,truc_mt,46274,0.46203703703704002,truc_mt,46275,0.46935185185185002,
Mức (detail line) đã xóa trên SFA,EPS2609009000497040404042105,EPS2609009,0004,3,970,404040,Aji-ngon Pork,42105,Tradition Trade Sales,6321999999,COGS_PROMOTION BY PRODUCT,100,,,,truc_mt,46274,0.46203703703704002,truc_mt,46275,0.46935185185185002,
Mức (detail line) đã xóa trên SFA,EPS2609009000497140404042105,EPS2609009,0004,3,971,404040,Aji-ngon Pork,42105,Tradition Trade Sales,6321999999,COGS_PROMOTION BY PRODUCT,100,,,,truc_mt,46274,0.46203703703704002,truc_mt,46275,0.46935185185185002,
Mức (detail line) đã xóa trên SFA,EPS2609009000497240404042105,EPS2609009,0004,3,972,404040,Aji-ngon Pork,42105,Tradition Trade Sales,6321999999,COGS_PROMOTION BY PRODUCT,100,,,,truc_mt,46274,0.46203703703704002,truc_mt,46275,0.46935185185185002,
Mức (detail line) đã xóa trên SFA,EPS2609009000496540404042105,EPS2609009,0004,4,965,404040,Aji-ngon Pork,42105,Tradition Trade Sales,6321999999,COGS_PROMOTION BY PRODUCT,100,,,,truc_mt,46274,0.46203703703704002,truc_mt,46275,0.46935185185185002,
Mức (detail line) đã xóa trên SFA,EPS2609009000496640404042105,EPS2609009,0004,4,966,404040,Aji-ngon Pork,42105,Tradition Trade Sales,6321999999,COGS_PROMOTION BY PRODUCT,100,,,,truc_mt,46274,0.46203703703704002,truc_mt,46275,0.46935185185185002,
Mức (detail line) đã xóa trên SFA,EPS2609009000496740404042105,EPS2609009,0004,4,967,404040,Aji-ngon Pork,42105,Tradition Trade Sales,6321999999,COGS_PROMOTION BY PRODUCT,100,,,,truc_mt,46274,0.46203703703704002,truc_mt,46275,0.46935185185185002,
Mức (detail line) đã xóa trên SFA,EPS2609009000496840404042105,EPS2609009,0004,4,968,404040,Aji-ngon Pork,42105,Tradition Trade Sales,6321999999,COGS_PROMOTION BY PRODUCT,100,,,,truc_mt,46274,0.46203703703704002,truc_mt,46275,0.46935185185185002,
Mức (detail line) đã xóa trên SFA,EPS2609009000496940404042105,EPS2609009,0004,4,969,404040,Aji-ngon Pork,42105,Tradition Trade Sales,6321999999,COGS_PROMOTION BY PRODUCT,100,,,,truc_mt,46274,0.46203703703704002,truc_mt,46275,0.46935185185185002,
Mức (detail line) đã xóa trên SFA,EPS2609009000497040404042105,EPS2609009,0004,4,970,404040,Aji-ngon Pork,42105,Tradition Trade Sales,6321999999,COGS_PROMOTION BY PRODUCT,100,,,,truc_mt,46274,0.46203703703704002,truc_mt,46275,0.46935185185185002,
Mức (detail line) đã xóa trên SFA,EPS2609009000497140404042105,EPS2609009,0004,4,971,404040,Aji-ngon Pork,42105,Tradition Trade Sales,6321999999,COGS_PROMOTION BY PRODUCT,100,,,,truc_mt,46274,0.46203703703704002,truc_mt,46275,0.46935185185185002,
Mức (detail line) đã xóa trên SFA,EPS2609009000497240404042105,EPS2609009,0004,4,972,404040,Aji-ngon Pork,42105,Tradition Trade Sales,6321999999,COGS_PROMOTION BY PRODUCT,100,,,,truc_mt,46274,0.46203703703704002,truc_mt,46275,0.46935185185185002,
Mức (detail line) đã xóa trên SFA,EPS2609009000496540404042105,EPS2609009,0004,5,965,404040,Aji-ngon Pork,42105,Tradition Trade Sales,6321999999,COGS_PROMOTION BY PRODUCT,100,,,,truc_mt,46274,0.46203703703704002,truc_mt,46275,0.46935185185185002,
Mức (detail line) đã xóa trên SFA,EPS2609009000496640404042105,EPS2609009,0004,5,966,404040,Aji-ngon Pork,42105,Tradition Trade Sales,6321999999,COGS_PROMOTION BY PRODUCT,100,,,,truc_mt,46274,0.46203703703704002,truc_mt,46275,0.46935185185185002,
Mức (detail line) đã xóa trên SFA,EPS2609009000496740404042105,EPS2609009,0004,5,967,404040,Aji-ngon Pork,42105,Tradition Trade Sales,6321999999,COGS_PROMOTION BY PRODUCT,100,,,,truc_mt,46274,0.46203703703704002,truc_mt,46275,0.46935185185185002,
Mức (detail line) đã xóa trên SFA,EPS2609009000496840404042105,EPS2609009,0004,5,968,404040,Aji-ngon Pork,42105,Tradition Trade Sales,6321999999,COGS_PROMOTION BY PRODUCT,100,,,,truc_mt,46274,0.46203703703704002,truc_mt,46275,0.46935185185185002,
Mức (detail line) đã xóa trên SFA,EPS2609009000496940404042105,EPS2609009,0004,5,969,404040,Aji-ngon Pork,42105,Tradition Trade Sales,6321999999,COGS_PROMOTION BY PRODUCT,100,,,,truc_mt,46274,0.46203703703704002,truc_mt,46275,0.46935185185185002,
Mức (detail line) đã xóa trên SFA,EPS2609009000497040404042105,EPS2609009,0004,5,970,404040,Aji-ngon Pork,42105,Tradition Trade Sales,6321999999,COGS_PROMOTION BY PRODUCT,100,,,,truc_mt,46274,0.46203703703704002,truc_mt,46275,0.46935185185185002,
Mức (detail line) đã xóa trên SFA,EPS2609009000497140404042105,EPS2609009,0004,5,971,404040,Aji-ngon Pork,42105,Tradition Trade Sales,6321999999,COGS_PROMOTION BY PRODUCT,100,,,,truc_mt,46274,0.46203703703704002,truc_mt,46275,0.46935185185185002,
Mức (detail line) đã xóa trên SFA,EPS2609009000497240404042105,EPS2609009,0004,5,972,404040,Aji-ngon Pork,42105,Tradition Trade Sales,6321999999,COGS_PROMOTION BY PRODUCT,100,,,,truc_mt,46274,0.46203703703704002,truc_mt,46275,0.46935185185185002,
Mức (detail line) đã xóa trên SFA,EPS2609009000496540404042105,EPS2609009,0004,6,965,404040,Aji-ngon Pork,42105,Tradition Trade Sales,6321999999,COGS_PROMOTION BY PRODUCT,100,,,,truc_mt,46274,0.46203703703704002,truc_mt,46275,0.46935185185185002,
Mức (detail line) đã xóa trên SFA,EPS2609009000496640404042105,EPS2609009,0004,6,966,404040,Aji-ngon Pork,42105,Tradition Trade Sales,6321999999,COGS_PROMOTION BY PRODUCT,100,,,,truc_mt,46274,0.46203703703704002,truc_mt,46275,0.46935185185185002,
Mức (detail line) đã xóa trên SFA,EPS2609009000496740404042105,EPS2609009,0004,6,967,404040,Aji-ngon Pork,42105,Tradition Trade Sales,6321999999,COGS_PROMOTION BY PRODUCT,100,,,,truc_mt,46274,0.46203703703704002,truc_mt,46275,0.46935185185185002,
Mức (detail line) đã xóa trên SFA,EPS2609009000496840404042105,EPS2609009,0004,6,968,404040,Aji-ngon Pork,42105,Tradition Trade Sales,6321999999,COGS_PROMOTION BY PRODUCT,100,,,,truc_mt,46274,0.46203703703704002,truc_mt,46275,0.46935185185185002,
Mức (detail line) đã xóa trên SFA,EPS2609009000496940404042105,EPS2609009,0004,6,969,404040,Aji-ngon Pork,42105,Tradition Trade Sales,6321999999,COGS_PROMOTION BY PRODUCT,100,,,,truc_mt,46274,0.46203703703704002,truc_mt,46275,0.46935185185185002,
Mức (detail line) đã xóa trên SFA,EPS2609009000497040404042105,EPS2609009,0004,6,970,404040,Aji-ngon Pork,42105,Tradition Trade Sales,6321999999,COGS_PROMOTION BY PRODUCT,100,,,,truc_mt,46274,0.46203703703704002,truc_mt,46275,0.46935185185185002,
Mức (detail line) đã xóa trên SFA,EPS2609009000497140404042105,EPS2609009,0004,6,971,404040,Aji-ngon Pork,42105,Tradition Trade Sales,6321999999,COGS_PROMOTION BY PRODUCT,100,,,,truc_mt,46274,0.46203703703704002,truc_mt,46275,0.46935185185185002,
Mức (detail line) đã xóa trên SFA,EPS2609009000497240404042105,EPS2609009,0004,6,972,404040,Aji-ngon Pork,42105,Tradition Trade Sales,6321999999,COGS_PROMOTION BY PRODUCT,100,,,,truc_mt,46274,0.46203703703704002,truc_mt,46275,0.46935185185185002,
Mức (detail line) đã xóa trên SFA,EPS2609009000496540404042105,EPS2609009,0004,7,965,404040,Aji-ngon Pork,42105,Tradition Trade Sales,6321999999,COGS_PROMOTION BY PRODUCT,100,,,,truc_mt,46274,0.46203703703704002,truc_mt,46275,0.46935185185185002,
Mức (detail line) đã xóa trên SFA,EPS2609009000496640404042105,EPS2609009,0004,7,966,404040,Aji-ngon Pork,42105,Tradition Trade Sales,6321999999,COGS_PROMOTION BY PRODUCT,100,,,,truc_mt,46274,0.46203703703704002,truc_mt,46275,0.46935185185185002,
Mức (detail line) đã xóa trên SFA,EPS2609009000496740404042105,EPS2609009,0004,7,967,404040,Aji-ngon Pork,42105,Tradition Trade Sales,6321999999,COGS_PROMOTION BY PRODUCT,100,,,,truc_mt,46274,0.46203703703704002,truc_mt,46275,0.46935185185185002,
Mức (detail line) đã xóa trên SFA,EPS2609009000496840404042105,EPS2609009,0004,7,968,404040,Aji-ngon Pork,42105,Tradition Trade Sales,6321999999,COGS_PROMOTION BY PRODUCT,100,,,,truc_mt,46274,0.46203703703704002,truc_mt,46275,0.46935185185185002,
Mức (detail line) đã xóa trên SFA,EPS2609009000496940404042105,EPS2609009,0004,7,969,404040,Aji-ngon Pork,42105,Tradition Trade Sales,6321999999,COGS_PROMOTION BY PRODUCT,100,,,,truc_mt,46274,0.46203703703704002,truc_mt,46275,0.46935185185185002,
Mức (detail line) đã xóa trên SFA,EPS2609009000497040404042105,EPS2609009,0004,7,970,404040,Aji-ngon Pork,42105,Tradition Trade Sales,6321999999,COGS_PROMOTION BY PRODUCT,100,,,,truc_mt,46274,0.46203703703704002,truc_mt,46275,0.46935185185185002,
Mức (detail line) đã xóa trên SFA,EPS2609009000497140404042105,EPS2609009,0004,7,971,404040,Aji-ngon Pork,42105,Tradition Trade Sales,6321999999,COGS_PROMOTION BY PRODUCT,100,,,,truc_mt,46274,0.46203703703704002,truc_mt,46275,0.46935185185185002,
Mức (detail line) đã xóa trên SFA,EPS2609009000497240404042105,EPS2609009,0004,7,972,404040,Aji-ngon Pork,42105,Tradition Trade Sales,6321999999,COGS_PROMOTION BY PRODUCT,100,,,,truc_mt,46274,0.46203703703704002,truc_mt,46275,0.46935185185185002,
Mức (detail line) đã xóa trên SFA,EPS2609009000496540404042105,EPS2609009,0004,8,965,404040,Aji-ngon Pork,42105,Tradition Trade Sales,6321999999,COGS_PROMOTION BY PRODUCT,100,,,,truc_mt,46274,0.46203703703704002,truc_mt,46275,0.46935185185185002,
Mức (detail line) đã xóa trên SFA,EPS2609009000496640404042105,EPS2609009,0004,8,966,404040,Aji-ngon Pork,42105,Tradition Trade Sales,6321999999,COGS_PROMOTION BY PRODUCT,100,,,,truc_mt,46274,0.46203703703704002,truc_mt,46275,0.46935185185185002,
Mức (detail line) đã xóa trên SFA,EPS2609009000496740404042105,EPS2609009,0004,8,967,404040,Aji-ngon Pork,42105,Tradition Trade Sales,6321999999,COGS_PROMOTION BY PRODUCT,100,,,,truc_mt,46274,0.46203703703704002,truc_mt,46275,0.46935185185185002,
Mức (detail line) đã xóa trên SFA,EPS2609009000496840404042105,EPS2609009,0004,8,968,404040,Aji-ngon Pork,42105,Tradition Trade Sales,6321999999,COGS_PROMOTION BY PRODUCT,100,,,,truc_mt,46274,0.46203703703704002,truc_mt,46275,0.46935185185185002,
Mức (detail line) đã xóa trên SFA,EPS2609009000496940404042105,EPS2609009,0004,8,969,404040,Aji-ngon Pork,42105,Tradition Trade Sales,6321999999,COGS_PROMOTION BY PRODUCT,100,,,,truc_mt,46274,0.46203703703704002,truc_mt,46275,0.46935185185185002,
Mức (detail line) đã xóa trên SFA,EPS2609009000497040404042105,EPS2609009,0004,8,970,404040,Aji-ngon Pork,42105,Tradition Trade Sales,6321999999,COGS_PROMOTION BY PRODUCT,100,,,,truc_mt,46274,0.46203703703704002,truc_mt,46275,0.46935185185185002,
Mức (detail line) đã xóa trên SFA,EPS2609009000497140404042105,EPS2609009,0004,8,971,404040,Aji-ngon Pork,42105,Tradition Trade Sales,6321999999,COGS_PROMOTION BY PRODUCT,100,,,,truc_mt,46274,0.46203703703704002,truc_mt,46275,0.46935185185185002,
Mức (detail line) đã xóa trên SFA,EPS2609009000497240404042105,EPS2609009,0004,8,972,404040,Aji-ngon Pork,42105,Tradition Trade Sales,6321999999,COGS_PROMOTION BY PRODUCT,100,,,,truc_mt,46274,0.46203703703704002,truc_mt,46275,0.46935185185185002,
Mức (detail line) đã xóa trên SFA,EPS2609009000597340404042105,EPS2609009,0005,2,973,404040,Aji-ngon Pork,42105,Tradition Trade Sales,6321999999,COGS_PROMOTION BY PRODUCT,100,,,,truc_mt,46274,0.46203703703704002,truc_mt,46275,0.46987268518518999,
Mức (detail line) đã xóa trên SFA,EPS2609009000597440404042105,EPS2609009,0005,2,974,404040,Aji-ngon Pork,42105,Tradition Trade Sales,6321999999,COGS_PROMOTION BY PRODUCT,100,,,,truc_mt,46274,0.46203703703704002,truc_mt,46275,0.46987268518518999,
Mức (detail line) đã xóa trên SFA,EPS2609009000597540404042105,EPS2609009,0005,2,975,404040,Aji-ngon Pork,42105,Tradition Trade Sales,6321999999,COGS_PROMOTION BY PRODUCT,100,,,,truc_mt,46274,0.46203703703704002,truc_mt,46275,0.46987268518518999,
Mức (detail line) đã xóa trên SFA,EPS2609009000597640404042105,EPS2609009,0005,2,976,404040,Aji-ngon Pork,42105,Tradition Trade Sales,6321999999,COGS_PROMOTION BY PRODUCT,100,,,,truc_mt,46274,0.46203703703704002,truc_mt,46275,0.46987268518518999,
Mức (detail line) đã xóa trên SFA,EPS2609009000597740404042105,EPS2609009,0005,2,977,404040,Aji-ngon Pork,42105,Tradition Trade Sales,6321999999,COGS_PROMOTION BY PRODUCT,100,,,,truc_mt,46274,0.46203703703704002,truc_mt,46275,0.46987268518518999,
Mức (detail line) đã xóa trên SFA,EPS2609009000597840404042105,EPS2609009,0005,2,978,404040,Aji-ngon Pork,42105,Tradition Trade Sales,6321999999,COGS_PROMOTION BY PRODUCT,100,,,,truc_mt,46274,0.46203703703704002,truc_mt,46275,0.46987268518518999,
Mức (detail line) đã xóa trên SFA,EPS2609009000597940404042105,EPS2609009,0005,2,979,404040,Aji-ngon Pork,42105,Tradition Trade Sales,6321999999,COGS_PROMOTION BY PRODUCT,100,,,,truc_mt,46274,0.46203703703704002,truc_mt,46275,0.46987268518518999,
Mức (detail line) đã xóa trên SFA,EPS2609009000598040404042105,EPS2609009,0005,2,980,404040,Aji-ngon Pork,42105,Tradition Trade Sales,6321999999,COGS_PROMOTION BY PRODUCT,100,,,,truc_mt,46274,0.46203703703704002,truc_mt,46275,0.46987268518518999,
Mức (detail line) đã xóa trên SFA,EPS2609009000597340404042105,EPS2609009,0005,3,973,404040,Aji-ngon Pork,42105,Tradition Trade Sales,6321999999,COGS_PROMOTION BY PRODUCT,100,,,,truc_mt,46274,0.46203703703704002,truc_mt,46275,0.46987268518518999,
Mức (detail line) đã xóa trên SFA,EPS2609009000597440404042105,EPS2609009,0005,3,974,404040,Aji-ngon Pork,42105,Tradition Trade Sales,6321999999,COGS_PROMOTION BY PRODUCT,100,,,,truc_mt,46274,0.46203703703704002,truc_mt,46275,0.46987268518518999,
Mức (detail line) đã xóa trên SFA,EPS2609009000597540404042105,EPS2609009,0005,3,975,404040,Aji-ngon Pork,42105,Tradition Trade Sales,6321999999,COGS_PROMOTION BY PRODUCT,100,,,,truc_mt,46274,0.46203703703704002,truc_mt,46275,0.46987268518518999,
Mức (detail line) đã xóa trên SFA,EPS2609009000597640404042105,EPS2609009,0005,3,976,404040,Aji-ngon Pork,42105,Tradition Trade Sales,6321999999,COGS_PROMOTION BY PRODUCT,100,,,,truc_mt,46274,0.46203703703704002,truc_mt,46275,0.46987268518518999,
Mức (detail line) đã xóa trên SFA,EPS2609009000597740404042105,EPS2609009,0005,3,977,404040,Aji-ngon Pork,42105,Tradition Trade Sales,6321999999,COGS_PROMOTION BY PRODUCT,100,,,,truc_mt,46274,0.46203703703704002,truc_mt,46275,0.46987268518518999,
Mức (detail line) đã xóa trên SFA,EPS2609009000597840404042105,EPS2609009,0005,3,978,404040,Aji-ngon Pork,42105,Tradition Trade Sales,6321999999,COGS_PROMOTION BY PRODUCT,100,,,,truc_mt,46274,0.46203703703704002,truc_mt,46275,0.46987268518518999,
Mức (detail line) đã xóa trên SFA,EPS2609009000597940404042105,EPS2609009,0005,3,979,404040,Aji-ngon Pork,42105,Tradition Trade Sales,6321999999,COGS_PROMOTION BY PRODUCT,100,,,,truc_mt,46274,0.46203703703704002,truc_mt,46275,0.46987268518518999,
Mức (detail line) đã xóa trên SFA,EPS2609009000598040404042105,EPS2609009,0005,3,980,404040,Aji-ngon Pork,42105,Tradition Trade Sales,6321999999,COGS_PROMOTION BY PRODUCT,100,,,,truc_mt,46274,0.46203703703704002,truc_mt,46275,0.46987268518518999,
Mức (detail line) đã xóa trên SFA,EPS2609009000597340404042105,EPS2609009,0005,4,973,404040,Aji-ngon Pork,42105,Tradition Trade Sales,6321999999,COGS_PROMOTION BY PRODUCT,100,,,,truc_mt,46274,0.46203703703704002,truc_mt,46275,0.46987268518518999,
Mức (detail line) đã xóa trên SFA,EPS2609009000597440404042105,EPS2609009,0005,4,974,404040,Aji-ngon Pork,42105,Tradition Trade Sales,6321999999,COGS_PROMOTION BY PRODUCT,100,,,,truc_mt,46274,0.46203703703704002,truc_mt,46275,0.46987268518518999,
Mức (detail line) đã xóa trên SFA,EPS2609009000597540404042105,EPS2609009,0005,4,975,404040,Aji-ngon Pork,42105,Tradition Trade Sales,6321999999,COGS_PROMOTION BY PRODUCT,100,,,,truc_mt,46274,0.46203703703704002,truc_mt,46275,0.46987268518518999,
Mức (detail line) đã xóa trên SFA,EPS2609009000597640404042105,EPS2609009,0005,4,976,404040,Aji-ngon Pork,42105,Tradition Trade Sales,6321999999,COGS_PROMOTION BY PRODUCT,100,,,,truc_mt,46274,0.46203703703704002,truc_mt,46275,0.46987268518518999,
Mức (detail line) đã xóa trên SFA,EPS2609009000597740404042105,EPS2609009,0005,4,977,404040,Aji-ngon Pork,42105,Tradition Trade Sales,6321999999,COGS_PROMOTION BY PRODUCT,100,,,,truc_mt,46274,0.46203703703704002,truc_mt,46275,0.46987268518518999,
Mức (detail line) đã xóa trên SFA,EPS2609009000597840404042105,EPS2609009,0005,4,978,404040,Aji-ngon Pork,42105,Tradition Trade Sales,6321999999,COGS_PROMOTION BY PRODUCT,100,,,,truc_mt,46274,0.46203703703704002,truc_mt,46275,0.46987268518518999,
Mức (detail line) đã xóa trên SFA,EPS2609009000597940404042105,EPS2609009,0005,4,979,404040,Aji-ngon Pork,42105,Tradition Trade Sales,6321999999,COGS_PROMOTION BY PRODUCT,100,,,,truc_mt,46274,0.46203703703704002,truc_mt,46275,0.46987268518518999,
Mức (detail line) đã xóa trên SFA,EPS2609009000598040404042105,EPS2609009,0005,4,980,404040,Aji-ngon Pork,42105,Tradition Trade Sales,6321999999,COGS_PROMOTION BY PRODUCT,100,,,,truc_mt,46274,0.46203703703704002,truc_mt,46275,0.46987268518518999,
Mức (detail line) đã xóa trên SFA,EPS2609009000597340404042105,EPS2609009,0005,5,973,404040,Aji-ngon Pork,42105,Tradition Trade Sales,6321999999,COGS_PROMOTION BY PRODUCT,100,,,,truc_mt,46274,0.46203703703704002,truc_mt,46275,0.46987268518518999,
Mức (detail line) đã xóa trên SFA,EPS2609009000597440404042105,EPS2609009,0005,5,974,404040,Aji-ngon Pork,42105,Tradition Trade Sales,6321999999,COGS_PROMOTION BY PRODUCT,100,,,,truc_mt,46274,0.46203703703704002,truc_mt,46275,0.46987268518518999,
Mức (detail line) đã xóa trên SFA,EPS2609009000597540404042105,EPS2609009,0005,5,975,404040,Aji-ngon Pork,42105,Tradition Trade Sales,6321999999,COGS_PROMOTION BY PRODUCT,100,,,,truc_mt,46274,0.46203703703704002,truc_mt,46275,0.46987268518518999,
Mức (detail line) đã xóa trên SFA,EPS2609009000597640404042105,EPS2609009,0005,5,976,404040,Aji-ngon Pork,42105,Tradition Trade Sales,6321999999,COGS_PROMOTION BY PRODUCT,100,,,,truc_mt,46274,0.46203703703704002,truc_mt,46275,0.46987268518518999,
Mức (detail line) đã xóa trên SFA,EPS2609009000597740404042105,EPS2609009,0005,5,977,404040,Aji-ngon Pork,42105,Tradition Trade Sales,6321999999,COGS_PROMOTION BY PRODUCT,100,,,,truc_mt,46274,0.46203703703704002,truc_mt,46275,0.46987268518518999,
Mức (detail line) đã xóa trên SFA,EPS2609009000597840404042105,EPS2609009,0005,5,978,404040,Aji-ngon Pork,42105,Tradition Trade Sales,6321999999,COGS_PROMOTION BY PRODUCT,100,,,,truc_mt,46274,0.46203703703704002,truc_mt,46275,0.46987268518518999,
Mức (detail line) đã xóa trên SFA,EPS2609009000597940404042105,EPS2609009,0005,5,979,404040,Aji-ngon Pork,42105,Tradition Trade Sales,6321999999,COGS_PROMOTION BY PRODUCT,100,,,,truc_mt,46274,0.46203703703704002,truc_mt,46275,0.46987268518518999,
Mức (detail line) đã xóa trên SFA,EPS2609009000598040404042105,EPS2609009,0005,5,980,404040,Aji-ngon Pork,42105,Tradition Trade Sales,6321999999,COGS_PROMOTION BY PRODUCT,100,,,,truc_mt,46274,0.46203703703704002,truc_mt,46275,0.46987268518518999,
Mức (detail line) đã xóa trên SFA,EPS2609009000597340404042105,EPS2609009,0005,6,973,404040,Aji-ngon Pork,42105,Tradition Trade Sales,6321999999,COGS_PROMOTION BY PRODUCT,100,,,,truc_mt,46274,0.46203703703704002,truc_mt,46275,0.46987268518518999,
Mức (detail line) đã xóa trên SFA,EPS2609009000597440404042105,EPS2609009,0005,6,974,404040,Aji-ngon Pork,42105,Tradition Trade Sales,6321999999,COGS_PROMOTION BY PRODUCT,100,,,,truc_mt,46274,0.46203703703704002,truc_mt,46275,0.46987268518518999,
Mức (detail line) đã xóa trên SFA,EPS2609009000597540404042105,EPS2609009,0005,6,975,404040,Aji-ngon Pork,42105,Tradition Trade Sales,6321999999,COGS_PROMOTION BY PRODUCT,100,,,,truc_mt,46274,0.46203703703704002,truc_mt,46275,0.46987268518518999,
Mức (detail line) đã xóa trên SFA,EPS2609009000597640404042105,EPS2609009,0005,6,976,404040,Aji-ngon Pork,42105,Tradition Trade Sales,6321999999,COGS_PROMOTION BY PRODUCT,100,,,,truc_mt,46274,0.46203703703704002,truc_mt,46275,0.46987268518518999,
Mức (detail line) đã xóa trên SFA,EPS2609009000597740404042105,EPS2609009,0005,6,977,404040,Aji-ngon Pork,42105,Tradition Trade Sales,6321999999,COGS_PROMOTION BY PRODUCT,100,,,,truc_mt,46274,0.46203703703704002,truc_mt,46275,0.46987268518518999,
Mức (detail line) đã xóa trên SFA,EPS2609009000597840404042105,EPS2609009,0005,6,978,404040,Aji-ngon Pork,42105,Tradition Trade Sales,6321999999,COGS_PROMOTION BY PRODUCT,100,,,,truc_mt,46274,0.46203703703704002,truc_mt,46275,0.46987268518518999,
Mức (detail line) đã xóa trên SFA,EPS2609009000597940404042105,EPS2609009,0005,6,979,404040,Aji-ngon Pork,42105,Tradition Trade Sales,6321999999,COGS_PROMOTION BY PRODUCT,100,,,,truc_mt,46274,0.46203703703704002,truc_mt,46275,0.46987268518518999,
Mức (detail line) đã xóa trên SFA,EPS2609009000598040404042105,EPS2609009,0005,6,980,404040,Aji-ngon Pork,42105,Tradition Trade Sales,6321999999,COGS_PROMOTION BY PRODUCT,100,,,,truc_mt,46274,0.46203703703704002,truc_mt,46275,0.46987268518518999,
Mức (detail line) đã xóa trên SFA,EPS2609009000597340404042105,EPS2609009,0005,7,973,404040,Aji-ngon Pork,42105,Tradition Trade Sales,6321999999,COGS_PROMOTION BY PRODUCT,100,,,,truc_mt,46274,0.46203703703704002,truc_mt,46275,0.46987268518518999,
Mức (detail line) đã xóa trên SFA,EPS2609009000597440404042105,EPS2609009,0005,7,974,404040,Aji-ngon Pork,42105,Tradition Trade Sales,6321999999,COGS_PROMOTION BY PRODUCT,100,,,,truc_mt,46274,0.46203703703704002,truc_mt,46275,0.46987268518518999,
Mức (detail line) đã xóa trên SFA,EPS2609009000597540404042105,EPS2609009,0005,7,975,404040,Aji-ngon Pork,42105,Tradition Trade Sales,6321999999,COGS_PROMOTION BY PRODUCT,100,,,,truc_mt,46274,0.46203703703704002,truc_mt,46275,0.46987268518518999,
Mức (detail line) đã xóa trên SFA,EPS2609009000597640404042105,EPS2609009,0005,7,976,404040,Aji-ngon Pork,42105,Tradition Trade Sales,6321999999,COGS_PROMOTION BY PRODUCT,100,,,,truc_mt,46274,0.46203703703704002,truc_mt,46275,0.46987268518518999,
Mức (detail line) đã xóa trên SFA,EPS2609009000597740404042105,EPS2609009,0005,7,977,404040,Aji-ngon Pork,42105,Tradition Trade Sales,6321999999,COGS_PROMOTION BY PRODUCT,100,,,,truc_mt,46274,0.46203703703704002,truc_mt,46275,0.46987268518518999,
Mức (detail line) đã xóa trên SFA,EPS2609009000597840404042105,EPS2609009,0005,7,978,404040,Aji-ngon Pork,42105,Tradition Trade Sales,6321999999,COGS_PROMOTION BY PRODUCT,100,,,,truc_mt,46274,0.46203703703704002,truc_mt,46275,0.46987268518518999,
Mức (detail line) đã xóa trên SFA,EPS2609009000597940404042105,EPS2609009,0005,7,979,404040,Aji-ngon Pork,42105,Tradition Trade Sales,6321999999,COGS_PROMOTION BY PRODUCT,100,,,,truc_mt,46274,0.46203703703704002,truc_mt,46275,0.46987268518518999,
Mức (detail line) đã xóa trên SFA,EPS2609009000598040404042105,EPS2609009,0005,7,980,404040,Aji-ngon Pork,42105,Tradition Trade Sales,6321999999,COGS_PROMOTION BY PRODUCT,100,,,,truc_mt,46274,0.46203703703704002,truc_mt,46275,0.46987268518518999,
Mức (detail line) đã xóa trên SFA,EPS2609009000597340404042105,EPS2609009,0005,8,973,404040,Aji-ngon Pork,42105,Tradition Trade Sales,6321999999,COGS_PROMOTION BY PRODUCT,100,,,,truc_mt,46274,0.46203703703704002,truc_mt,46275,0.46987268518518999,
Mức (detail line) đã xóa trên SFA,EPS2609009000597440404042105,EPS2609009,0005,8,974,404040,Aji-ngon Pork,42105,Tradition Trade Sales,6321999999,COGS_PROMOTION BY PRODUCT,100,,,,truc_mt,46274,0.46203703703704002,truc_mt,46275,0.46987268518518999,
Mức (detail line) đã xóa trên SFA,EPS2609009000597540404042105,EPS2609009,0005,8,975,404040,Aji-ngon Pork,42105,Tradition Trade Sales,6321999999,COGS_PROMOTION BY PRODUCT,100,,,,truc_mt,46274,0.46203703703704002,truc_mt,46275,0.46987268518518999,
Mức (detail line) đã xóa trên SFA,EPS2609009000597640404042105,EPS2609009,0005,8,976,404040,Aji-ngon Pork,42105,Tradition Trade Sales,6321999999,COGS_PROMOTION BY PRODUCT,100,,,,truc_mt,46274,0.46203703703704002,truc_mt,46275,0.46987268518518999,
Mức (detail line) đã xóa trên SFA,EPS2609009000597740404042105,EPS2609009,0005,8,977,404040,Aji-ngon Pork,42105,Tradition Trade Sales,6321999999,COGS_PROMOTION BY PRODUCT,100,,,,truc_mt,46274,0.46203703703704002,truc_mt,46275,0.46987268518518999,
Mức (detail line) đã xóa trên SFA,EPS2609009000597840404042105,EPS2609009,0005,8,978,404040,Aji-ngon Pork,42105,Tradition Trade Sales,6321999999,COGS_PROMOTION BY PRODUCT,100,,,,truc_mt,46274,0.46203703703704002,truc_mt,46275,0.46987268518518999,
Mức (detail line) đã xóa trên SFA,EPS2609009000597940404042105,EPS2609009,0005,8,979,404040,Aji-ngon Pork,42105,Tradition Trade Sales,6321999999,COGS_PROMOTION BY PRODUCT,100,,,,truc_mt,46274,0.46203703703704002,truc_mt,46275,0.46987268518518999,
Mức (detail line) đã xóa trên SFA,EPS2609009000598040404042105,EPS2609009,0005,8,980,404040,Aji-ngon Pork,42105,Tradition Trade Sales,6321999999,COGS_PROMOTION BY PRODUCT,100,,,,truc_mt,46274,0.46203703703704002,truc_mt,46275,0.46987268518518999,
Mức (detail line) đã xóa trên SFA,EPS2609009000698140404042105,EPS2609009,0006,2,981,404040,Aji-ngon Pork,42105,Tradition Trade Sales,6321999999,COGS_PROMOTION BY PRODUCT,100,,,,truc_mt,46274,0.46203703703704002,truc_mt,46275,0.47027777777778002,
Mức (detail line) đã xóa trên SFA,EPS2609009000698240404042105,EPS2609009,0006,2,982,404040,Aji-ngon Pork,42105,Tradition Trade Sales,6321999999,COGS_PROMOTION BY PRODUCT,100,,,,truc_mt,46274,0.46203703703704002,truc_mt,46275,0.47027777777778002,
Mức (detail line) đã xóa trên SFA,EPS2609009000698340404042105,EPS2609009,0006,2,983,404040,Aji-ngon Pork,42105,Tradition Trade Sales,6321999999,COGS_PROMOTION BY PRODUCT,100,,,,truc_mt,46274,0.46203703703704002,truc_mt,46275,0.47027777777778002,
Mức (detail line) đã xóa trên SFA,EPS2609009000698440404042105,EPS2609009,0006,2,984,404040,Aji-ngon Pork,42105,Tradition Trade Sales,6321999999,COGS_PROMOTION BY PRODUCT,100,,,,truc_mt,46274,0.46203703703704002,truc_mt,46275,0.47027777777778002,
Mức (detail line) đã xóa trên SFA,EPS2609009000698540404042105,EPS2609009,0006,2,985,404040,Aji-ngon Pork,42105,Tradition Trade Sales,6321999999,COGS_PROMOTION BY PRODUCT,100,,,,truc_mt,46274,0.46203703703704002,truc_mt,46275,0.47027777777778002,
Mức (detail line) đã xóa trên SFA,EPS2609009000698640404042105,EPS2609009,0006,2,986,404040,Aji-ngon Pork,42105,Tradition Trade Sales,6321999999,COGS_PROMOTION BY PRODUCT,100,,,,truc_mt,46274,0.46203703703704002,truc_mt,46275,0.47027777777778002,
Mức (detail line) đã xóa trên SFA,EPS2609009000698740404042105,EPS2609009,0006,2,987,404040,Aji-ngon Pork,42105,Tradition Trade Sales,6321999999,COGS_PROMOTION BY PRODUCT,100,,,,truc_mt,46274,0.46203703703704002,truc_mt,46275,0.47027777777778002,
Mức (detail line) đã xóa trên SFA,EPS2609009000698840404042105,EPS2609009,0006,2,988,404040,Aji-ngon Pork,42105,Tradition Trade Sales,6321999999,COGS_PROMOTION BY PRODUCT,100,,,,truc_mt,46274,0.46203703703704002,truc_mt,46275,0.47027777777778002,
Mức (detail line) đã xóa trên SFA,EPS2609009000698140404042105,EPS2609009,0006,3,981,404040,Aji-ngon Pork,42105,Tradition Trade Sales,6321999999,COGS_PROMOTION BY PRODUCT,100,,,,truc_mt,46274,0.46203703703704002,truc_mt,46275,0.47027777777778002,
Mức (detail line) đã xóa trên SFA,EPS2609009000698240404042105,EPS2609009,0006,3,982,404040,Aji-ngon Pork,42105,Tradition Trade Sales,6321999999,COGS_PROMOTION BY PRODUCT,100,,,,truc_mt,46274,0.46203703703704002,truc_mt,46275,0.47027777777778002,
Mức (detail line) đã xóa trên SFA,EPS2609009000698340404042105,EPS2609009,0006,3,983,404040,Aji-ngon Pork,42105,Tradition Trade Sales,6321999999,COGS_PROMOTION BY PRODUCT,100,,,,truc_mt,46274,0.46203703703704002,truc_mt,46275,0.47027777777778002,
Mức (detail line) đã xóa trên SFA,EPS2609009000698440404042105,EPS2609009,0006,3,984,404040,Aji-ngon Pork,42105,Tradition Trade Sales,6321999999,COGS_PROMOTION BY PRODUCT,100,,,,truc_mt,46274,0.46203703703704002,truc_mt,46275,0.47027777777778002,
Mức (detail line) đã xóa trên SFA,EPS2609009000698540404042105,EPS2609009,0006,3,985,404040,Aji-ngon Pork,42105,Tradition Trade Sales,6321999999,COGS_PROMOTION BY PRODUCT,100,,,,truc_mt,46274,0.46203703703704002,truc_mt,46275,0.47027777777778002,
Mức (detail line) đã xóa trên SFA,EPS2609009000698640404042105,EPS2609009,0006,3,986,404040,Aji-ngon Pork,42105,Tradition Trade Sales,6321999999,COGS_PROMOTION BY PRODUCT,100,,,,truc_mt,46274,0.46203703703704002,truc_mt,46275,0.47027777777778002,
Mức (detail line) đã xóa trên SFA,EPS2609009000698740404042105,EPS2609009,0006,3,987,404040,Aji-ngon Pork,42105,Tradition Trade Sales,6321999999,COGS_PROMOTION BY PRODUCT,100,,,,truc_mt,46274,0.46203703703704002,truc_mt,46275,0.47027777777778002,
Mức (detail line) đã xóa trên SFA,EPS2609009000698840404042105,EPS2609009,0006,3,988,404040,Aji-ngon Pork,42105,Tradition Trade Sales,6321999999,COGS_PROMOTION BY PRODUCT,100,,,,truc_mt,46274,0.46203703703704002,truc_mt,46275,0.47027777777778002,
Mức (detail line) đã xóa trên SFA,EPS2609009000698140404042105,EPS2609009,0006,4,981,404040,Aji-ngon Pork,42105,Tradition Trade Sales,6321999999,COGS_PROMOTION BY PRODUCT,100,,,,truc_mt,46274,0.46203703703704002,truc_mt,46275,0.47027777777778002,
Mức (detail line) đã xóa trên SFA,EPS2609009000698240404042105,EPS2609009,0006,4,982,404040,Aji-ngon Pork,42105,Tradition Trade Sales,6321999999,COGS_PROMOTION BY PRODUCT,100,,,,truc_mt,46274,0.46203703703704002,truc_mt,46275,0.47027777777778002,
Mức (detail line) đã xóa trên SFA,EPS2609009000698340404042105,EPS2609009,0006,4,983,404040,Aji-ngon Pork,42105,Tradition Trade Sales,6321999999,COGS_PROMOTION BY PRODUCT,100,,,,truc_mt,46274,0.46203703703704002,truc_mt,46275,0.47027777777778002,
Mức (detail line) đã xóa trên SFA,EPS2609009000698440404042105,EPS2609009,0006,4,984,404040,Aji-ngon Pork,42105,Tradition Trade Sales,6321999999,COGS_PROMOTION BY PRODUCT,100,,,,truc_mt,46274,0.46203703703704002,truc_mt,46275,0.47027777777778002,
Mức (detail line) đã xóa trên SFA,EPS2609009000698540404042105,EPS2609009,0006,4,985,404040,Aji-ngon Pork,42105,Tradition Trade Sales,6321999999,COGS_PROMOTION BY PRODUCT,100,,,,truc_mt,46274,0.46203703703704002,truc_mt,46275,0.47027777777778002,
Mức (detail line) đã xóa trên SFA,EPS2609009000698640404042105,EPS2609009,0006,4,986,404040,Aji-ngon Pork,42105,Tradition Trade Sales,6321999999,COGS_PROMOTION BY PRODUCT,100,,,,truc_mt,46274,0.46203703703704002,truc_mt,46275,0.47027777777778002,
Mức (detail line) đã xóa trên SFA,EPS2609009000698740404042105,EPS2609009,0006,4,987,404040,Aji-ngon Pork,42105,Tradition Trade Sales,6321999999,COGS_PROMOTION BY PRODUCT,100,,,,truc_mt,46274,0.46203703703704002,truc_mt,46275,0.47027777777778002,
Mức (detail line) đã xóa trên SFA,EPS2609009000698840404042105,EPS2609009,0006,4,988,404040,Aji-ngon Pork,42105,Tradition Trade Sales,6321999999,COGS_PROMOTION BY PRODUCT,100,,,,truc_mt,46274,0.46203703703704002,truc_mt,46275,0.47027777777778002,
Mức (detail line) đã xóa trên SFA,EPS2609009000698140404042105,EPS2609009,0006,5,981,404040,Aji-ngon Pork,42105,Tradition Trade Sales,6321999999,COGS_PROMOTION BY PRODUCT,100,,,,truc_mt,46274,0.46203703703704002,truc_mt,46275,0.47027777777778002,
Mức (detail line) đã xóa trên SFA,EPS2609009000698240404042105,EPS2609009,0006,5,982,404040,Aji-ngon Pork,42105,Tradition Trade Sales,6321999999,COGS_PROMOTION BY PRODUCT,100,,,,truc_mt,46274,0.46203703703704002,truc_mt,46275,0.47027777777778002,
Mức (detail line) đã xóa trên SFA,EPS2609009000698340404042105,EPS2609009,0006,5,983,404040,Aji-ngon Pork,42105,Tradition Trade Sales,6321999999,COGS_PROMOTION BY PRODUCT,100,,,,truc_mt,46274,0.46203703703704002,truc_mt,46275,0.47027777777778002,
Mức (detail line) đã xóa trên SFA,EPS2609009000698440404042105,EPS2609009,0006,5,984,404040,Aji-ngon Pork,42105,Tradition Trade Sales,6321999999,COGS_PROMOTION BY PRODUCT,100,,,,truc_mt,46274,0.46203703703704002,truc_mt,46275,0.47027777777778002,
Mức (detail line) đã xóa trên SFA,EPS2609009000698540404042105,EPS2609009,0006,5,985,404040,Aji-ngon Pork,42105,Tradition Trade Sales,6321999999,COGS_PROMOTION BY PRODUCT,100,,,,truc_mt,46274,0.46203703703704002,truc_mt,46275,0.47027777777778002,
Mức (detail line) đã xóa trên SFA,EPS2609009000698640404042105,EPS2609009,0006,5,986,404040,Aji-ngon Pork,42105,Tradition Trade Sales,6321999999,COGS_PROMOTION BY PRODUCT,100,,,,truc_mt,46274,0.46203703703704002,truc_mt,46275,0.47027777777778002,
Mức (detail line) đã xóa trên SFA,EPS2609009000698740404042105,EPS2609009,0006,5,987,404040,Aji-ngon Pork,42105,Tradition Trade Sales,6321999999,COGS_PROMOTION BY PRODUCT,100,,,,truc_mt,46274,0.46203703703704002,truc_mt,46275,0.47027777777778002,
Mức (detail line) đã xóa trên SFA,EPS2609009000698840404042105,EPS2609009,0006,5,988,404040,Aji-ngon Pork,42105,Tradition Trade Sales,6321999999,COGS_PROMOTION BY PRODUCT,100,,,,truc_mt,46274,0.46203703703704002,truc_mt,46275,0.47027777777778002,
Mức (detail line) đã xóa trên SFA,EPS2609009000698140404042105,EPS2609009,0006,6,981,404040,Aji-ngon Pork,42105,Tradition Trade Sales,6321999999,COGS_PROMOTION BY PRODUCT,100,,,,truc_mt,46274,0.46203703703704002,truc_mt,46275,0.47027777777778002,
Mức (detail line) đã xóa trên SFA,EPS2609009000698240404042105,EPS2609009,0006,6,982,404040,Aji-ngon Pork,42105,Tradition Trade Sales,6321999999,COGS_PROMOTION BY PRODUCT,100,,,,truc_mt,46274,0.46203703703704002,truc_mt,46275,0.47027777777778002,
Mức (detail line) đã xóa trên SFA,EPS2609009000698340404042105,EPS2609009,0006,6,983,404040,Aji-ngon Pork,42105,Tradition Trade Sales,6321999999,COGS_PROMOTION BY PRODUCT,100,,,,truc_mt,46274,0.46203703703704002,truc_mt,46275,0.47027777777778002,
Mức (detail line) đã xóa trên SFA,EPS2609009000698440404042105,EPS2609009,0006,6,984,404040,Aji-ngon Pork,42105,Tradition Trade Sales,6321999999,COGS_PROMOTION BY PRODUCT,100,,,,truc_mt,46274,0.46203703703704002,truc_mt,46275,0.47027777777778002,
Mức (detail line) đã xóa trên SFA,EPS2609009000698540404042105,EPS2609009,0006,6,985,404040,Aji-ngon Pork,42105,Tradition Trade Sales,6321999999,COGS_PROMOTION BY PRODUCT,100,,,,truc_mt,46274,0.46203703703704002,truc_mt,46275,0.47027777777778002,
Mức (detail line) đã xóa trên SFA,EPS2609009000698640404042105,EPS2609009,0006,6,986,404040,Aji-ngon Pork,42105,Tradition Trade Sales,6321999999,COGS_PROMOTION BY PRODUCT,100,,,,truc_mt,46274,0.46203703703704002,truc_mt,46275,0.47027777777778002,
Mức (detail line) đã xóa trên SFA,EPS2609009000698740404042105,EPS2609009,0006,6,987,404040,Aji-ngon Pork,42105,Tradition Trade Sales,6321999999,COGS_PROMOTION BY PRODUCT,100,,,,truc_mt,46274,0.46203703703704002,truc_mt,46275,0.47027777777778002,
Mức (detail line) đã xóa trên SFA,EPS2609009000698840404042105,EPS2609009,0006,6,988,404040,Aji-ngon Pork,42105,Tradition Trade Sales,6321999999,COGS_PROMOTION BY PRODUCT,100,,,,truc_mt,46274,0.46203703703704002,truc_mt,46275,0.47027777777778002,
Mức (detail line) đã xóa trên SFA,EPS2609009000698140404042105,EPS2609009,0006,7,981,404040,Aji-ngon Pork,42105,Tradition Trade Sales,6321999999,COGS_PROMOTION BY PRODUCT,100,,,,truc_mt,46274,0.46203703703704002,truc_mt,46275,0.47027777777778002,
Mức (detail line) đã xóa trên SFA,EPS2609009000698240404042105,EPS2609009,0006,7,982,404040,Aji-ngon Pork,42105,Tradition Trade Sales,6321999999,COGS_PROMOTION BY PRODUCT,100,,,,truc_mt,46274,0.46203703703704002,truc_mt,46275,0.47027777777778002,
Mức (detail line) đã xóa trên SFA,EPS2609009000698340404042105,EPS2609009,0006,7,983,404040,Aji-ngon Pork,42105,Tradition Trade Sales,6321999999,COGS_PROMOTION BY PRODUCT,100,,,,truc_mt,46274,0.46203703703704002,truc_mt,46275,0.47027777777778002,
Mức (detail line) đã xóa trên SFA,EPS2609009000698440404042105,EPS2609009,0006,7,984,404040,Aji-ngon Pork,42105,Tradition Trade Sales,6321999999,COGS_PROMOTION BY PRODUCT,100,,,,truc_mt,46274,0.46203703703704002,truc_mt,46275,0.47027777777778002,
Mức (detail line) đã xóa trên SFA,EPS2609009000698540404042105,EPS2609009,0006,7,985,404040,Aji-ngon Pork,42105,Tradition Trade Sales,6321999999,COGS_PROMOTION BY PRODUCT,100,,,,truc_mt,46274,0.46203703703704002,truc_mt,46275,0.47027777777778002,
Mức (detail line) đã xóa trên SFA,EPS2609009000698640404042105,EPS2609009,0006,7,986,404040,Aji-ngon Pork,42105,Tradition Trade Sales,6321999999,COGS_PROMOTION BY PRODUCT,100,,,,truc_mt,46274,0.46203703703704002,truc_mt,46275,0.47027777777778002,
Mức (detail line) đã xóa trên SFA,EPS2609009000698740404042105,EPS2609009,0006,7,987,404040,Aji-ngon Pork,42105,Tradition Trade Sales,6321999999,COGS_PROMOTION BY PRODUCT,100,,,,truc_mt,46274,0.46203703703704002,truc_mt,46275,0.47027777777778002,
Mức (detail line) đã xóa trên SFA,EPS2609009000698840404042105,EPS2609009,0006,7,988,404040,Aji-ngon Pork,42105,Tradition Trade Sales,6321999999,COGS_PROMOTION BY PRODUCT,100,,,,truc_mt,46274,0.46203703703704002,truc_mt,46275,0.47027777777778002,
Mức (detail line) đã xóa trên SFA,EPS2609009000698140404042105,EPS2609009,0006,8,981,404040,Aji-ngon Pork,42105,Tradition Trade Sales,6321999999,COGS_PROMOTION BY PRODUCT,100,,,,truc_mt,46274,0.46203703703704002,truc_mt,46275,0.47027777777778002,
Mức (detail line) đã xóa trên SFA,EPS2609009000698240404042105,EPS2609009,0006,8,982,404040,Aji-ngon Pork,42105,Tradition Trade Sales,6321999999,COGS_PROMOTION BY PRODUCT,100,,,,truc_mt,46274,0.46203703703704002,truc_mt,46275,0.47027777777778002,
Mức (detail line) đã xóa trên SFA,EPS2609009000698340404042105,EPS2609009,0006,8,983,404040,Aji-ngon Pork,42105,Tradition Trade Sales,6321999999,COGS_PROMOTION BY PRODUCT,100,,,,truc_mt,46274,0.46203703703704002,truc_mt,46275,0.47027777777778002,
Mức (detail line) đã xóa trên SFA,EPS2609009000698440404042105,EPS2609009,0006,8,984,404040,Aji-ngon Pork,42105,Tradition Trade Sales,6321999999,COGS_PROMOTION BY PRODUCT,100,,,,truc_mt,46274,0.46203703703704002,truc_mt,46275,0.47027777777778002,
Mức (detail line) đã xóa trên SFA,EPS2609009000698540404042105,EPS2609009,0006,8,985,404040,Aji-ngon Pork,42105,Tradition Trade Sales,6321999999,COGS_PROMOTION BY PRODUCT,100,,,,truc_mt,46274,0.46203703703704002,truc_mt,46275,0.47027777777778002,
Mức (detail line) đã xóa trên SFA,EPS2609009000698640404042105,EPS2609009,0006,8,986,404040,Aji-ngon Pork,42105,Tradition Trade Sales,6321999999,COGS_PROMOTION BY PRODUCT,100,,,,truc_mt,46274,0.46203703703704002,truc_mt,46275,0.47027777777778002,
Mức (detail line) đã xóa trên SFA,EPS2609009000698740404042105,EPS2609009,0006,8,987,404040,Aji-ngon Pork,42105,Tradition Trade Sales,6321999999,COGS_PROMOTION BY PRODUCT,100,,,,truc_mt,46274,0.46203703703704002,truc_mt,46275,0.47027777777778002,
Mức (detail line) đã xóa trên SFA,EPS2609009000698840404042105,EPS2609009,0006,8,988,404040,Aji-ngon Pork,42105,Tradition Trade Sales,6321999999,COGS_PROMOTION BY PRODUCT,100,,,,truc_mt,46274,0.46203703703704002,truc_mt,46275,0.47027777777778002,
Dòng KM đã xóa trên SFA,EPS2609012000155640114042105,EPS2609012,0001,1,556,401140,Pancake Original,42105,Tradition Trade Sales,6321999999,COGS_PROMOTION BY PRODUCT,90,,,,truc_mt,46275,0.58260416666667003,truc_mt,46275,0.58498842592593003,
Dòng KM đã xóa trên SFA,EPS2609012000155740114142105,EPS2609012,0001,1,557,401141,Pancake Chocolate,42105,Tradition Trade Sales,6321999999,COGS_PROMOTION BY PRODUCT,10,,,,truc_mt,46275,0.58260416666667003,truc_mt,46275,0.58498842592593003,
Mức (detail line) đã xóa trên SFA,EPS2609012000255840114042105,EPS2609012,0002,2,558,401140,Pancake Original,42105,Tradition Trade Sales,6321999999,COGS_PROMOTION BY PRODUCT,90,,,,truc_mt,46275,0.58260416666667003,truc_mt,46275,0.58747685185184995,
Mức (detail line) đã xóa trên SFA,EPS2609012000255940114142105,EPS2609012,0002,2,559,401141,Pancake Chocolate,42105,Tradition Trade Sales,6321999999,COGS_PROMOTION BY PRODUCT,10,,,,truc_mt,46275,0.58260416666667003,truc_mt,46275,0.58747685185184995,
Mức (detail line) đã xóa trên SFA,EPS2609012000256040114042105,EPS2609012,0002,2,560,401140,Pancake Original,42105,Tradition Trade Sales,6321999999,COGS_PROMOTION BY PRODUCT,90,,,,truc_mt,46275,0.58260416666667003,truc_mt,46275,0.58747685185184995,
Mức (detail line) đã xóa trên SFA,EPS2609012000256140114142105,EPS2609012,0002,2,561,401141,Pancake Chocolate,42105,Tradition Trade Sales,6321999999,COGS_PROMOTION BY PRODUCT,10,,,,truc_mt,46275,0.58260416666667003,truc_mt,46275,0.58747685185184995,
Dòng KM đã xóa trên SFA,EPS2609019002940040211642103,EPS2609019,0029,1,400,402116,Gyoza JP Dumpling,42103,Food Service Sales,6321999999,COGS_PROMOTION BY PRODUCT,100,,,,hanh_lth,46276,0.67210648148148,hanh_lth,46276,0.67320601851852002,
Dòng KM đã xóa trên SFA,EPS2609019003040140211642103,EPS2609019,0030,1,401,402116,Gyoza JP Dumpling,42103,Food Service Sales,6321999999,COGS_PROMOTION BY PRODUCT,100,,,,hanh_lth,46276,0.67210648148148,hanh_lth,46276,0.67320601851852002,
Dòng KM đã xóa trên SFA,EPS2609026000258340202042105,EPS2609026,0002,1,583,402020,Retail,42105,Tradition Trade Sales,6321999999,COGS_PROMOTION BY PRODUCT,50,,,,truc_mt,46281,0.76166666666667004,truc_mt,46281,0.76497685185185005,
Dòng KM đã xóa trên SFA,EPS2609026000258440404042105,EPS2609026,0002,1,584,404040,Aji-ngon Pork,42105,Tradition Trade Sales,6321999999,COGS_PROMOTION BY PRODUCT,50,,,,truc_mt,46281,0.76166666666667004,truc_mt,46281,0.76497685185185005,
Dòng KM đã xóa trên SFA,EPS26090400002140404042105,EPS2609040,0002,1,1,404040,Aji-ngon Pork,42105,Tradition Trade Sales,6321999999,COGS_PROMOTION BY PRODUCT,50,,,,ri_nt,46288,0.44078703703703997,ri_nt,46288,0.46869212962963003,
Dòng KM đã xóa trên SFA,EPS26090400002240202042105,EPS2609040,0002,1,2,402020,Retail,42105,Tradition Trade Sales,6321999999,COGS_PROMOTION BY PRODUCT,50,,,,ri_nt,46288,0.44078703703703997,ri_nt,46288,0.46869212962963003,
Dòng KM đã xóa trên SFA,EPS26090450002140202042103,EPS2609045,0002,1,1,402020,Retail,42103,Food Service Sales,6321999999,COGS_PROMOTION BY PRODUCT,100,,,,hanh_lth,46288,0.63237268518518996,hanh_lth,46288,0.63266203703704005,
Dòng KM đã xóa trên SFA,EPS26090570001140505742103,EPS2609057,0001,1,1,405057,Aji-mayo for bread,42103,Food Service Sales,6418141050,PROMOTION,100,,,,Le Thi Thanh Van,46290,0.34618055555555999,Le Thi Thanh Van,46290,0.34751157407407002,
